Timestamp,"Generation, Active Gross Power (MW)","Generation, Reactive Gross Power (MVAR)","OEC, Exhaust Pressure Turbine CW (Bara)","OEC, Exhaust Pressure Turbine CCW (Bara)",Ambient Temp (C),"Spesific Steam - Brine, Consumption (kg/MW)","Steam, Main Steam Press (barg)","Steam, Main Steam Temp (C)","Brine, Brine Header Press (barg)","Brine, Brine Header Temp (C)","IJN-6-1, WHP (barg)","IJN-6-1, Valve Open (%)","IJN-6-1, 2 Phase Line Press (barg)","IJN-6-1, 2 Phase Line Temp (C)","IJN-6-2, WHP (barg)","IJN-6-2, Valve Open (%)","IJN-6-2, 2 Phase Line Press (barg)","IJN-6-2, 2 Phase Line Temp (C)","IJN-6-3, WHP (barg)","IJN-6-3, Valve Open (%)","IJN-6-3, 2 Phase Line Press (barg)","IJN-6-3, 2 Phase Line Temp (C)","IJN-6-4, WHP (barg)","IJN-6-4, Valve Open (%)","IJN-6-4, 2 Phase Line Press (barg)","IJN-6-4, 2 Phase Line Temp (C)","Pad 6, Separator Temp (C)","Pad 6, Separator Pressure (barg)","Pad 6, Steam Flow (kg/s)","IJN-8-1, WHP (barg)","IJN-8-1, Valve Open (%)","IJN-8-1, 2 Phase Line Press (barg)","IJN-8-1, 2 Phase Line Temp (C)","IJN-8-2, WHP (barg)","IJN-8-2, Valve Open (%)","IJN-8-2, 2 Phase Line Press (barg)","IJN-8-2, 2 Phase Line Temp (C)","Pad 8, Separator Temp (C)","Pad 8, Separator Pressure (barg)","Pad 8, Separator Temp (kg/s)","Pad 6 & Pad 8, Main Steam Flowrate (kg/s)","Pad 6 & Pad 8, Brine Flowrate (kg/s)","Pad 6 & Pad 8, Total Flowrate (kg/s)","IJN-5-1, Injection Press (Bara)","IJN-5-1, Injection Flow (kg/s)","IJN-5-1, Injection Temp (C)","IJN-5-1, Valve Open (%)","IJN-5-1, WHP (barg)","DUPE, IGNORE (1)","DUPE, IGNORE(2)","Header Reinjection Pump, Temperature (C)","Header Reinjection Pump, Pressure (Bara)","Brine Bypass Pre-heater, Opening CV-A (%)","Brine Bypass Pre-heater, Opening CV-B (%)","Preheater, Outlet Temp (C)","Separator IJN-6, Opening Brine Dump Valve A (%)","Separator IJN-6, Opening Brine Dump Valve B (%)","Separator IJN-8, Opening Brine Dump Valve A (%)","Separator IJN-8, Opening Brine Dump Valve B (%)","Rock Muffler, Opening Steam Dump Valve A (%)","Rock Muffler, Opening Steam Dump Valve B (%)",Source DGR,Delta Pressure_Barg
15-06-2025 0100H,34.572,3.1,0.807,0.823,18.712,3.82,12.99,193.962,13.989,194.2,27.895,20.038,14.107,198.501,29.44,20.701,13.899,196.321,19.409,39.904,14.189,196.942,20.54,38.681,14.093,197.448,195.629,13.434,44.819,6.133,9.97,0.0,81.609,22.503,42.179,13.655,192.206,195.459,13.319,2.743,52.525,79.525,132.05,7.428,127.711,91.693,12.891,6.289,13.989,194.2,88.899,13.342,1.173,0.456,91.17,0.107,0.146,0.069,0.085,1.546,1.051,Daily Generation Report_2025.06.15.xlsx,
15-06-2025 0200H,34.342,1.413,0.804,0.818,18.344,3.432,12.989,193.936,13.702,194.021,27.605,20.043,14.089,198.43,29.498,20.27,13.888,196.268,19.562,40.257,14.189,196.897,20.468,37.85,14.069,197.452,195.596,13.429,44.698,6.113,9.969,0.0,81.674,22.525,41.883,13.655,192.201,195.39,13.317,3.074,50.885,66.978,117.863,7.067,126.23,91.657,12.891,5.953,13.702,194.021,88.353,13.009,1.088,0.368,90.933,0.107,0.144,0.069,0.085,0.903,0.4,Daily Generation Report_2025.06.15.xlsx,
15-06-2025 0300H,34.221,0.778,0.815,0.828,17.489,3.46,12.874,193.541,13.648,193.677,27.411,20.051,13.965,198.052,29.548,19.877,13.768,195.857,19.414,38.43,14.041,196.449,20.439,39.565,13.972,196.98,195.203,13.312,44.514,6.132,9.972,0.0,81.662,22.526,43.506,13.554,191.83,195.019,13.207,3.912,51.008,67.385,118.394,6.975,125.966,91.582,12.891,5.862,13.648,193.677,88.045,12.969,1.09,0.365,90.934,0.108,0.137,0.069,0.085,0.899,0.4,Daily Generation Report_2025.06.15.xlsx,
15-06-2025 0400H,34.391,1.005,0.799,0.811,16.834,3.854,12.878,193.553,13.88,193.758,27.259,20.058,13.957,198.04,29.596,19.881,13.764,195.816,19.342,37.617,14.021,196.225,20.794,40.279,13.993,196.97,195.193,13.311,44.211,6.256,9.976,0.0,81.577,22.474,44.232,13.56,191.728,195.077,13.213,3.849,51.315,81.232,132.547,7.133,127.563,91.702,12.89,5.99,13.88,193.758,88.217,13.213,1.092,0.366,91.076,0.108,0.135,0.069,0.085,0.896,0.399,Daily Generation Report_2025.06.15.xlsx,
15-06-2025 0500H,34.533,1.603,0.781,0.79,16.824,3.805,13.012,193.965,14.067,193.921,27.11,19.989,14.092,198.431,29.643,19.808,13.904,196.205,19.879,39.259,14.198,196.646,20.728,39.357,14.121,197.486,195.595,13.444,44.283,6.368,9.973,0.0,81.494,22.43,43.225,13.679,191.996,195.459,13.341,3.407,49.291,82.104,131.395,7.183,128.622,91.965,12.89,6.019,14.067,193.921,88.425,13.381,1.088,0.366,90.619,0.107,0.141,0.069,0.085,0.899,0.398,Daily Generation Report_2025.06.15.xlsx,
15-06-2025 0600H,34.46,2.061,0.798,0.809,17.672,3.928,13.076,194.181,14.38,194.25,26.582,19.42,14.158,198.581,29.688,19.63,13.976,196.519,20.115,41.235,14.3,197.029,20.507,39.027,14.186,197.691,195.781,13.501,43.964,6.433,9.972,0.0,81.464,22.443,43.827,13.74,192.235,195.633,13.401,3.62,48.702,86.66,135.362,7.635,132.104,91.959,12.891,6.406,14.38,194.25,89.002,13.666,1.077,0.366,91.173,0.108,0.14,0.069,0.086,0.898,0.402,Daily Generation Report_2025.06.15.xlsx,
15-06-2025 0700H,34.431,2.684,0.822,0.839,19.001,4.037,13.002,193.978,14.418,194.396,26.642,18.525,14.097,198.401,29.721,19.643,13.914,196.469,19.569,41.961,14.201,196.803,20.54,39.606,14.146,197.725,195.597,13.433,44.045,6.311,9.978,0.0,81.623,22.473,45.921,13.686,192.257,195.452,13.331,3.49,51.486,87.523,139.008,7.872,133.343,92.439,12.893,6.628,14.418,194.396,89.321,13.709,1.046,0.366,92.169,0.111,0.124,0.072,0.089,0.87,0.402,Daily Generation Report_2025.06.15.xlsx,
15-06-2025 0800H,34.575,3.359,0.844,0.863,19.711,3.981,12.984,193.955,14.305,194.335,27.17,18.126,14.127,198.477,29.761,19.764,13.929,196.519,19.371,41.97,14.193,196.791,20.778,39.459,14.16,197.958,195.648,13.44,44.915,6.086,9.978,0.0,81.954,22.499,46.118,13.689,192.405,195.445,13.315,3.307,54.729,82.928,137.657,7.539,130.766,92.502,12.897,6.351,14.305,194.335,88.741,13.595,0.995,0.349,92.702,0.114,0.115,0.076,0.093,1.445,4.202,Daily Generation Report_2025.06.15.xlsx,
15-06-2025 0900H,34.508,4.065,0.868,0.888,20.332,3.987,12.94,193.805,14.256,194.264,27.183,18.122,14.116,198.362,29.82,19.525,13.912,196.386,19.492,41.983,14.194,196.756,20.72,39.608,14.115,197.538,195.526,13.407,45.223,5.708,9.979,0.0,82.315,22.507,46.128,13.66,192.339,195.284,13.271,3.696,55.57,82.024,137.594,7.373,130.131,92.103,12.9,6.199,14.256,194.264,88.922,13.535,0.951,0.309,91.848,0.116,0.117,0.078,0.094,1.291,6.375,Daily Generation Report_2025.06.15.xlsx,
15-06-2025 1000H,34.523,4.989,0.894,0.913,21.067,4.002,12.901,193.629,14.267,194.07,27.117,18.123,14.089,198.213,29.858,18.652,13.884,196.227,19.442,41.992,14.174,196.611,20.745,40.268,14.082,197.165,195.352,13.371,45.336,5.333,9.986,0.0,82.608,22.489,46.784,13.626,192.162,195.101,13.233,3.77,54.03,84.137,138.167,7.471,131.084,92.385,12.902,6.281,14.267,194.07,89.547,13.54,0.946,0.276,91.612,0.117,0.117,0.098,2.748,0.528,4.433,Daily Generation Report_2025.06.15.xlsx,
15-06-2025 1100H,34.27,5.311,0.896,0.911,21.174,4.218,12.919,193.68,14.722,194.046,26.438,18.132,14.093,198.124,29.873,18.019,13.882,196.212,19.377,41.997,14.177,196.595,20.827,40.542,14.1,197.581,195.323,13.366,44.337,5.244,9.987,0.0,82.781,22.447,48.559,13.658,192.197,195.158,13.253,3.54,51.314,93.239,144.552,8.366,135.297,92.702,12.901,6.809,14.722,194.046,90.745,13.943,0.973,0.274,91.722,0.118,0.117,2.155,2.749,0.491,3.731,Daily Generation Report_2025.06.15.xlsx,
15-06-2025 1200H,34.233,5.355,0.891,0.909,20.96,4.305,12.953,193.795,15.45,194.308,26.549,18.142,14.113,198.216,29.9,18.014,13.904,196.297,19.319,42.002,14.191,196.659,20.538,41.004,14.136,197.985,195.42,13.393,44.151,4.978,9.984,0.0,82.873,22.331,49.69,13.7,192.29,195.291,13.291,3.851,52.036,95.348,147.384,5.934,135.58,93.629,13.548,6.589,15.45,194.308,91.175,14.759,0.992,0.284,91.302,0.119,0.118,2.138,0.094,0.465,3.573,Daily Generation Report_2025.06.15.xlsx,
15-06-2025 1300H,34.584,5.548,0.895,0.918,20.832,4.155,13.035,194.078,15.536,194.385,27.251,18.14,14.22,198.605,29.951,18.016,14.009,196.626,19.342,42.001,14.285,196.922,20.521,41.103,14.237,198.307,195.762,13.498,45.078,4.797,9.985,0.0,82.962,22.204,49.375,13.774,192.468,195.583,13.374,3.544,54.398,89.302,143.699,1.304,131.625,93.384,14.392,6.338,15.536,194.385,89.87,14.959,0.982,0.284,91.642,0.118,0.117,0.079,0.093,0.486,5.25,Daily Generation Report_2025.06.15.xlsx,
15-06-2025 1400H,34.449,5.578,0.883,0.912,20.197,4.278,12.958,193.801,15.939,194.161,26.495,18.137,14.139,198.28,29.986,18.013,13.929,196.325,19.392,42.001,14.238,196.714,20.581,41.806,14.176,198.144,195.453,13.408,44.634,4.983,9.982,0.0,82.987,22.118,50.066,13.687,192.168,195.312,13.294,3.39,53.053,94.328,147.38,0.001,134.237,92.383,14.585,7.105,15.939,194.161,89.491,15.359,0.991,0.275,91.255,0.115,0.114,0.077,0.091,0.531,6.433,Daily Generation Report_2025.06.15.xlsx,
15-06-2025 1500H,34.237,5.407,0.895,0.929,19.555,4.269,12.849,193.447,15.793,194.027,26.512,18.124,13.99,197.935,29.993,17.995,13.795,195.891,19.311,41.55,14.123,196.302,20.433,41.715,14.05,197.827,195.105,13.29,44.596,5.205,9.974,0.0,82.808,22.029,49.682,13.558,191.771,194.971,13.187,3.906,52.129,94.033,146.162,0.0,133.328,93.062,14.58,7.076,15.793,194.027,89.278,15.228,1.027,0.288,90.749,0.111,0.113,4.267,0.088,0.582,3.297,Daily Generation Report_2025.06.15.xlsx,
15-06-2025 1600H,34.15,5.077,0.925,0.952,19.481,4.137,12.794,193.279,15.043,193.885,27.223,18.109,13.911,197.856,30.014,17.982,13.725,195.703,19.235,41.053,14.04,196.003,20.281,40.934,13.972,197.602,194.971,13.241,45.141,5.351,9.972,0.0,82.564,21.983,49.421,13.494,191.511,194.796,13.136,3.907,52.399,88.87,141.268,5.293,129.779,93.344,14.576,6.122,15.043,193.885,88.935,14.483,1.039,0.304,91.284,0.852,0.116,7.063,0.087,0.61,0.416,Daily Generation Report_2025.06.15.xlsx,
15-06-2025 1700H,33.829,6.557,0.918,0.936,19.189,4.343,12.71,192.982,15.805,193.636,26.44,18.107,13.808,197.481,30.038,17.981,13.628,195.403,19.366,41.012,13.951,195.732,20.259,41.023,13.879,197.252,194.617,13.138,44.256,5.462,9.968,0.0,82.339,21.97,49.925,13.411,191.176,194.488,13.049,3.803,51.693,95.213,146.906,12.085,133.845,93.099,14.576,6.518,15.805,193.636,89.592,15.22,1.038,0.302,92.354,1.051,0.123,4.538,0.086,0.617,0.415,Daily Generation Report_2025.06.15.xlsx,
15-06-2025 1800H,33.978,7.86,0.904,0.92,18.592,4.341,12.795,193.248,15.943,193.732,26.521,18.107,13.89,197.72,30.056,17.981,13.71,195.636,19.404,41.014,14.029,195.942,20.366,41.016,13.962,197.503,194.878,13.222,44.16,5.652,9.966,0.0,82.103,21.958,49.369,13.487,191.349,194.749,13.131,3.901,51.773,95.729,147.502,12.887,134.084,94.022,14.576,7.211,15.943,193.732,89.603,15.332,1.04,0.298,92.754,0.307,0.129,5.365,0.086,0.62,0.415,Daily Generation Report_2025.06.15.xlsx,
15-06-2025 1900H,34.045,7.527,0.899,0.915,18.214,4.229,12.799,193.294,15.327,193.901,26.752,18.106,13.896,197.807,30.076,17.981,13.718,195.694,19.275,41.014,14.028,195.947,20.336,41.016,13.969,197.572,194.956,13.236,44.588,5.84,9.967,0.0,81.893,21.958,49.256,13.492,191.433,194.801,13.136,3.973,52.704,91.285,143.988,12.232,131.081,93.739,14.575,6.808,15.327,193.901,88.941,14.703,1.039,0.299,92.099,0.108,0.131,5.623,0.086,0.614,0.416,Daily Generation Report_2025.06.15.xlsx,
15-06-2025 2000H,34.084,7.387,0.859,0.87,17.936,4.302,12.838,193.399,15.743,193.82,26.547,18.108,13.926,197.833,30.098,17.982,13.745,195.727,19.411,41.012,14.059,196.046,20.357,40.72,13.992,197.608,195.019,13.262,43.873,6.017,9.97,0.0,81.694,21.971,48.79,13.525,191.464,194.911,13.171,3.64,51.644,94.989,146.633,12.57,133.14,93.378,14.575,6.988,15.743,193.82,89.234,15.101,1.04,0.294,92.488,0.109,0.13,3.515,0.087,0.608,0.417,Daily Generation Report_2025.06.15.xlsx,
15-06-2025 2100H,34.318,6.024,0.83,0.835,17.609,4.201,12.905,193.643,15.536,193.853,27.154,18.11,14.008,198.109,30.126,17.983,13.819,195.934,19.41,41.083,14.125,196.204,20.329,40.488,14.054,197.696,195.282,13.338,44.113,6.277,9.974,0.0,81.491,21.981,47.968,13.589,191.632,195.173,13.239,3.29,51.045,93.115,144.16,12.299,132.009,93.222,14.575,6.859,15.536,193.853,88.75,14.869,1.048,0.291,92.869,0.109,0.128,2.765,0.087,0.604,0.416,Daily Generation Report_2025.06.15.xlsx,
15-06-2025 2200H,34.257,4.584,0.837,0.845,17.512,4.301,12.864,193.504,15.746,193.832,26.608,18.11,13.965,197.965,30.149,17.983,13.786,195.829,19.359,41.564,14.101,196.103,20.416,40.99,14.036,197.568,195.145,13.297,44.065,6.555,9.974,0.0,81.3,21.995,48.324,13.551,191.517,195.029,13.198,3.345,51.528,95.798,147.325,12.466,133.828,92.561,14.575,6.954,15.746,193.832,88.62,15.06,1.053,0.296,91.96,0.109,0.131,1.705,0.087,0.608,0.414,Daily Generation Report_2025.06.15.xlsx,
15-06-2025 2300H,34.414,3.891,0.812,0.825,17.307,4.243,12.952,193.805,15.787,194.133,26.659,18.11,14.041,198.194,30.161,17.981,13.863,196.088,19.392,41.974,14.181,196.357,20.35,40.615,14.105,197.816,195.417,13.379,43.816,6.836,9.973,0.0,81.146,22.007,47.928,13.629,191.756,195.272,13.282,3.676,50.382,95.629,146.011,12.407,133.661,93.423,14.575,6.977,15.787,194.133,88.799,15.095,1.049,0.299,91.852,0.108,0.134,0.616,0.086,0.612,0.393,Daily Generation Report_2025.06.15.xlsx,
16-06-2025 0000H,34.498,3.386,0.839,0.845,17.519,4.116,13.022,193.961,15.191,194.221,27.461,18.109,14.126,198.458,30.179,17.98,13.942,196.33,19.207,41.975,14.246,196.475,20.192,40.985,14.18,197.902,195.61,13.464,44.319,6.939,9.971,0.0,81.03,22.037,47.56,13.698,191.87,195.418,13.353,3.032,50.46,91.529,141.989,11.842,131.081,93.67,14.574,6.621,15.191,194.221,88.824,14.49,1.041,0.298,90.733,0.858,0.138,0.872,0.862,1.514,1.114,Daily Generation Report_2025.06.15.xlsx,
16-06-2025 0100H,34.157,2.631,0.861,0.87,17.586,4.346,12.894,193.62,15.958,193.873,26.793,17.458,13.985,198.022,30.191,17.435,13.816,195.99,19.251,41.975,14.133,196.245,20.411,41.699,14.08,197.791,195.237,13.325,43.971,7.189,9.971,0.0,80.95,22.04,48.336,13.577,191.616,195.126,13.227,3.653,51.779,96.654,148.433,12.547,134.614,93.789,14.575,7.043,15.958,193.873,89.416,15.239,1.039,0.299,91.17,0.107,0.146,0.069,0.085,1.546,1.051,Daily Generation Report_2025.06.16.xlsx,
16-06-2025 0200H,34.285,2.882,0.888,0.908,18.271,4.302,12.864,193.514,15.833,193.77,27.679,16.535,13.964,197.971,30.202,17.197,13.795,195.871,19.277,41.974,14.112,196.169,20.365,41.869,14.06,197.804,195.169,13.304,44.651,7.33,9.97,0.0,80.836,22.038,49.071,13.551,191.496,195.011,13.2,4.181,52.633,94.851,147.484,12.488,133.94,94.405,14.575,7.056,15.833,193.77,89.748,15.112,1.033,0.302,90.933,0.107,0.144,0.069,0.085,0.903,0.4,Daily Generation Report_2025.06.16.xlsx,
16-06-2025 0300H,33.956,3.162,0.906,0.933,18.994,4.322,12.791,193.237,15.716,193.765,27.148,16.1,13.877,197.658,30.198,17.0,13.716,195.555,19.207,41.973,14.033,195.922,20.23,42.413,13.986,197.496,194.881,13.225,44.355,7.331,9.966,0.0,80.677,22.035,49.451,13.484,191.258,194.73,13.127,3.953,51.803,94.967,146.77,12.352,133.46,94.218,14.575,6.948,15.716,193.765,89.659,14.983,1.027,0.299,90.934,0.108,0.137,0.069,0.085,0.899,0.4,Daily Generation Report_2025.06.16.xlsx,
16-06-2025 0400H,34.027,2.862,0.899,0.931,19.088,4.364,12.805,193.278,16.022,193.808,27.103,16.099,13.9,197.702,30.191,17.0,13.735,195.565,19.221,41.996,14.053,195.979,20.203,42.897,14.012,197.608,194.927,13.24,44.374,7.3,9.964,0.0,80.502,22.022,49.268,13.497,191.292,194.783,13.141,3.949,51.686,96.822,148.508,12.683,134.818,94.581,14.575,7.186,16.022,193.808,89.752,15.276,1.029,0.295,91.076,0.108,0.135,0.069,0.085,0.896,0.399,Daily Generation Report_2025.06.16.xlsx,
16-06-2025 0500H,34.164,3.596,0.885,0.921,18.935,4.237,12.824,193.403,15.798,193.907,27.552,16.101,13.926,197.874,30.199,16.524,13.758,195.639,19.201,42.026,14.074,196.045,20.031,42.837,14.031,197.781,195.088,13.269,44.813,7.199,9.966,0.0,80.303,22.014,49.297,13.518,191.43,194.927,13.162,3.99,51.968,92.797,144.765,12.254,132.584,94.345,14.575,6.934,15.798,193.907,88.9,15.047,1.034,0.296,90.619,0.107,0.141,0.069,0.085,0.899,0.398,Daily Generation Report_2025.06.16.xlsx,
16-06-2025 0600H,33.971,3.782,0.863,0.901,18.674,4.313,12.762,193.183,16.213,193.739,27.177,16.102,13.85,197.585,30.208,16.021,13.685,195.365,19.204,41.999,14.003,195.752,19.879,42.874,13.954,197.406,194.824,13.194,44.185,7.019,9.97,0.0,80.095,22.004,50.003,13.459,191.223,194.698,13.1,3.84,50.836,95.668,146.505,12.47,134.102,93.619,14.575,7.011,16.213,193.739,88.939,15.452,1.037,0.297,91.173,0.108,0.14,0.069,0.086,0.898,0.402,Daily Generation Report_2025.06.16.xlsx,
16-06-2025 0700H,34.061,2.79,0.88,0.917,18.796,4.314,12.783,193.236,16.07,193.72,27.713,16.097,13.886,197.68,30.219,15.992,13.714,195.441,19.193,41.967,14.026,195.72,19.876,42.962,13.977,197.368,194.891,13.22,44.497,6.918,9.972,0.0,79.904,21.987,50.214,13.482,191.243,194.747,13.122,3.947,51.796,95.158,146.955,12.445,133.902,93.836,14.576,7.02,16.07,193.72,89.07,15.264,1.03,0.303,92.169,0.111,0.124,0.072,0.089,0.87,0.402,Daily Generation Report_2025.06.16.xlsx,
16-06-2025 0800H,33.82,3.729,0.9,0.934,19.146,4.337,12.744,193.123,15.896,193.688,27.258,16.705,13.84,197.536,30.232,16.626,13.669,195.348,19.158,41.973,13.978,195.614,19.877,43.019,13.936,197.27,194.766,13.177,44.314,6.853,9.974,0.0,79.764,21.984,50.577,13.449,191.183,194.629,13.083,3.902,51.718,94.963,146.681,12.456,133.603,93.966,14.577,7.011,15.896,193.688,89.405,15.058,1.007,0.304,92.702,0.114,0.115,0.076,0.093,1.445,4.202,Daily Generation Report_2025.06.16.xlsx,
16-06-2025 0900H,33.902,5.873,0.904,0.943,19.504,4.374,12.74,193.098,16.102,193.716,27.294,17.665,13.849,197.515,30.246,17.632,13.672,195.358,19.209,41.978,13.974,195.664,19.884,43.043,13.939,197.315,194.741,13.175,44.143,6.813,9.978,0.0,79.694,21.989,50.572,13.451,191.173,194.596,13.078,3.885,52.371,95.911,148.282,12.804,134.522,94.87,14.578,7.254,16.102,193.716,90.188,15.262,0.967,0.288,91.848,0.116,0.117,0.078,0.094,1.291,6.375,Daily Generation Report_2025.06.16.xlsx,
16-06-2025 1000H,33.921,7.126,0.894,0.942,19.776,4.319,12.743,193.102,15.917,193.753,27.493,18.148,13.871,197.533,30.271,18.111,13.685,195.403,19.192,41.976,13.974,195.725,19.832,43.04,13.942,197.356,194.758,13.184,44.265,6.839,9.978,0.0,79.713,22.004,50.423,13.464,191.237,194.599,13.08,3.945,51.717,94.793,146.51,12.68,133.938,95.023,14.579,7.182,15.917,193.753,90.174,15.072,0.926,0.266,91.612,0.117,0.117,0.098,2.748,0.528,4.433,Daily Generation Report_2025.06.16.xlsx,
16-06-2025 1100H,33.77,6.842,0.897,0.95,20.318,4.386,12.711,192.98,16.14,193.701,27.365,18.691,13.848,197.41,30.288,18.557,13.659,195.316,19.194,41.974,13.943,195.688,19.806,43.021,13.911,197.246,194.624,13.15,44.257,6.847,9.977,0.0,79.768,22.009,50.557,13.437,191.198,194.476,13.048,3.864,51.626,96.485,148.111,12.85,135.022,94.678,14.58,7.261,16.14,193.701,90.368,15.289,0.909,0.26,91.722,0.118,0.117,2.155,2.749,0.491,3.731,Daily Generation Report_2025.06.16.xlsx,
16-06-2025 1200H,33.661,6.493,0.926,0.979,21.059,4.391,12.657,192.802,16.217,193.665,27.378,19.171,13.819,197.305,30.306,19.015,13.621,195.193,19.2,41.998,13.903,195.628,19.794,43.038,13.869,197.136,194.459,13.099,44.575,6.789,9.98,0.0,79.848,22.006,50.723,13.389,191.099,194.294,12.994,3.724,52.13,95.686,147.816,12.8,134.877,94.611,14.582,7.247,16.217,193.665,90.229,15.349,0.896,0.252,91.302,0.119,0.118,2.138,0.094,0.465,3.573,Daily Generation Report_2025.06.16.xlsx,
16-06-2025 1300H,33.655,6.462,0.943,0.996,21.382,4.397,12.661,192.822,16.242,193.589,27.325,19.137,13.837,197.358,30.319,19.059,13.634,195.241,19.199,42.019,13.915,195.7,19.804,43.031,13.879,197.196,194.491,13.106,44.722,6.696,9.98,0.0,79.916,22.004,50.692,13.394,191.117,194.319,12.999,3.688,52.519,95.449,147.968,12.798,135.0,94.415,14.582,7.266,16.242,193.589,90.197,15.354,0.887,0.233,91.642,0.118,0.117,0.079,0.093,0.486,5.25,Daily Generation Report_2025.06.16.xlsx,
16-06-2025 1400H,33.687,6.338,0.947,1.001,21.526,4.396,12.708,192.97,16.235,193.655,27.364,19.218,13.886,197.498,30.329,19.122,13.683,195.381,19.17,42.016,13.966,195.816,19.792,43.029,13.922,197.284,194.639,13.154,44.655,6.493,9.98,0.0,79.957,22.002,50.68,13.437,191.232,194.474,13.046,3.809,53.073,95.008,148.081,12.75,134.633,94.545,14.582,7.232,16.235,193.655,90.671,15.323,0.898,0.226,91.255,0.115,0.114,0.077,0.091,0.531,6.433,Daily Generation Report_2025.06.16.xlsx,
16-06-2025 1500H,33.735,6.515,0.948,1.0,21.365,4.35,12.76,193.135,16.239,193.721,27.269,19.666,13.951,197.661,30.344,19.463,13.736,195.518,19.193,42.014,14.029,195.939,19.793,42.983,13.968,197.406,194.798,13.205,44.624,6.327,9.98,0.0,79.984,22.003,50.468,13.485,191.344,194.635,13.095,3.905,52.079,94.652,146.732,12.73,134.293,95.172,14.581,7.201,16.239,193.721,90.938,15.311,0.924,0.226,90.749,0.111,0.113,4.267,0.088,0.582,3.297,Daily Generation Report_2025.06.16.xlsx,
16-06-2025 1600H,33.739,6.127,0.936,0.98,20.637,4.384,12.743,193.077,16.383,193.754,27.104,19.555,13.927,197.613,30.346,19.36,13.713,195.456,19.201,42.015,14.018,195.903,19.776,42.938,13.952,197.439,194.739,13.186,44.62,6.177,9.973,0.0,79.916,21.985,50.058,13.458,191.284,194.59,13.077,3.797,52.417,95.488,147.905,12.896,135.041,95.306,14.578,7.278,16.383,193.754,90.571,15.444,0.954,0.231,91.284,0.852,0.116,7.063,0.087,0.61,0.416,Daily Generation Report_2025.06.16.xlsx,
16-06-2025 1700H,33.899,6.833,0.913,0.947,19.738,4.303,12.804,193.296,16.31,193.842,27.196,19.277,13.956,197.824,30.335,19.133,13.759,195.647,19.187,42.016,14.064,196.067,19.775,42.701,14.006,197.681,194.963,13.246,44.592,5.908,9.971,0.0,79.761,21.965,49.345,13.501,191.446,194.82,13.139,3.46,51.551,94.321,145.872,12.786,134.464,94.69,14.576,7.187,16.31,193.842,89.937,15.36,0.976,0.239,92.354,1.051,0.123,4.538,0.086,0.617,0.415,Daily Generation Report_2025.06.16.xlsx,
16-06-2025 1800H,34.035,7.552,0.887,0.924,19.197,4.271,12.837,193.412,16.365,193.85,27.159,19.22,13.966,197.921,30.33,19.082,13.779,195.736,19.174,42.017,14.085,196.129,19.761,42.737,14.037,197.746,195.067,13.275,44.44,5.7,9.974,0.0,79.586,21.964,49.55,13.527,191.491,194.93,13.173,3.604,50.875,94.487,145.361,12.792,134.529,94.131,14.576,7.174,16.365,193.85,89.42,15.398,0.99,0.248,92.754,0.307,0.129,5.365,0.086,0.62,0.415,Daily Generation Report_2025.06.16.xlsx,
16-06-2025 1900H,34.178,6.534,0.877,0.908,19.016,4.259,12.891,193.594,16.432,194.088,27.378,17.883,14.014,198.084,30.297,19.174,13.841,195.965,19.169,42.007,14.14,196.283,19.71,43.47,14.102,197.874,195.245,13.33,44.53,5.664,9.97,0.0,79.422,21.966,48.812,13.577,191.624,195.101,13.225,3.804,51.163,94.417,145.58,12.849,134.941,94.467,14.576,7.206,16.432,194.088,89.258,15.451,0.998,0.257,92.099,0.108,0.131,5.623,0.086,0.614,0.416,Daily Generation Report_2025.06.16.xlsx,
16-06-2025 2000H,34.647,5.338,0.884,0.907,19.042,4.123,13.188,194.589,16.27,194.67,28.561,14.407,14.294,199.011,29.849,19.733,14.16,197.069,19.162,41.982,14.432,197.124,19.817,44.708,14.419,198.788,196.271,13.642,45.051,5.661,9.963,0.0,79.281,21.982,46.68,13.857,192.406,196.07,13.518,3.615,50.923,91.925,142.847,12.681,134.076,94.855,14.576,7.118,16.27,194.67,89.214,15.287,1.002,0.259,92.488,0.109,0.13,3.515,0.087,0.608,0.417,Daily Generation Report_2025.06.16.xlsx,
16-06-2025 2100H,34.415,4.44,0.875,0.902,18.957,4.24,13.126,194.352,16.615,194.493,28.086,12.118,14.202,198.647,29.44,19.913,14.09,196.84,19.218,41.972,14.375,196.913,19.692,46.058,14.371,198.564,196.002,13.568,44.484,5.637,9.965,0.0,79.164,22.016,47.82,13.799,192.156,195.813,13.455,3.67,50.353,95.577,145.931,12.999,135.906,94.774,14.576,7.285,16.615,194.493,89.364,15.629,1.002,0.257,92.869,0.109,0.128,2.765,0.087,0.604,0.416,Daily Generation Report_2025.06.16.xlsx,
16-06-2025 2200H,34.293,5.3,0.887,0.912,18.758,4.256,12.928,193.698,16.454,194.179,28.467,12.12,14.017,198.074,29.526,19.866,13.889,196.155,19.333,41.979,14.199,196.326,19.285,46.022,14.169,197.992,195.376,13.375,44.772,5.5,9.969,0.0,79.042,22.018,48.583,13.614,191.662,195.192,13.263,3.795,51.82,94.133,145.954,12.829,135.117,95.072,14.576,7.227,16.454,194.179,89.215,15.467,1.002,0.258,91.96,0.109,0.131,1.705,0.087,0.608,0.414,Daily Generation Report_2025.06.16.xlsx,
16-06-2025 2300H,34.084,5.502,0.886,0.914,18.608,4.218,12.8,193.315,16.091,194.02,28.362,12.113,13.878,197.687,29.605,19.533,13.755,195.779,19.185,41.983,14.064,195.924,19.07,45.877,14.025,197.502,194.996,13.244,44.785,5.435,9.972,0.0,78.919,22.003,49.145,13.493,191.404,194.834,13.138,3.798,51.673,92.111,143.784,12.348,133.593,94.474,14.576,6.981,16.091,194.02,88.959,15.089,1.005,0.259,91.852,0.108,0.134,0.616,0.086,0.612,0.393,Daily Generation Report_2025.06.16.xlsx,
17-06-2025 0000H,34.512,3.879,0.814,0.875,17.541,4.14,13.143,194.166,16.31,193.658,27.271,12.084,14.174,198.347,29.671,18.044,14.06,196.461,19.232,41.988,14.359,196.538,19.268,47.009,14.344,197.996,195.714,13.564,43.551,5.465,9.975,0.0,78.801,22.007,51.115,13.807,191.342,195.522,13.47,5.16,40.012,102.872,142.884,12.839,136.43,100.216,14.578,7.402,16.31,193.658,93.27,15.332,1.006,0.252,90.733,0.858,0.138,0.872,0.862,1.514,1.114,Daily Generation Report_2025.06.16.xlsx,
17-06-2025 0100H,34.183,4.045,0.875,0.908,18.288,4.192,12.723,193.053,15.99,193.826,28.582,12.084,13.796,197.45,29.601,17.988,13.671,195.508,19.166,41.988,13.985,195.747,18.992,45.81,13.945,197.448,194.728,13.163,44.963,5.635,9.973,0.0,78.696,21.951,51.173,13.419,191.112,194.531,13.062,3.743,50.2,93.096,143.295,12.294,134.076,95.031,14.575,7.054,15.99,193.826,89.176,14.988,1.005,0.258,92.884,0.107,0.152,0.096,0.085,0.644,1.855,Daily Generation Report_2025.06.17.xlsx,
17-06-2025 0200H,33.909,4.019,0.853,0.889,18.228,4.27,12.623,192.691,15.977,193.416,28.227,12.085,13.675,197.023,29.607,17.988,13.555,195.126,19.141,41.988,13.872,195.437,18.91,45.059,13.822,197.119,194.33,13.049,44.219,5.814,9.973,0.0,78.584,21.931,51.182,13.32,190.795,194.177,12.961,3.553,49.906,94.882,144.788,12.319,134.619,95.14,14.575,7.053,15.977,193.416,89.628,14.966,1.005,0.257,93.418,0.106,0.156,0.234,0.084,0.642,1.358,Daily Generation Report_2025.06.17.xlsx,
17-06-2025 0300H,33.992,3.598,0.851,0.89,18.028,4.255,12.624,192.681,15.988,193.356,29.012,12.085,13.693,197.09,29.632,17.989,13.567,195.157,19.101,41.989,13.881,195.46,19.016,45.061,13.84,197.133,194.344,13.059,44.599,5.873,9.973,0.0,78.462,21.913,51.194,13.323,190.78,194.174,12.965,3.569,50.119,94.507,144.626,12.353,134.553,95.228,14.575,7.092,15.988,193.356,89.63,14.964,1.003,0.262,93.863,0.106,0.157,0.234,0.085,0.641,1.374,Daily Generation Report_2025.06.17.xlsx,
17-06-2025 0400H,33.793,4.171,0.863,0.898,17.936,4.243,12.591,192.59,16.058,193.471,28.36,12.083,13.655,196.97,29.657,17.988,13.531,195.056,19.05,41.989,13.846,195.37,19.065,45.31,13.812,197.016,194.246,13.022,44.473,5.867,9.972,0.0,78.344,21.906,51.185,13.293,190.733,194.084,12.931,3.518,48.915,94.452,143.366,12.293,134.262,94.748,14.574,7.015,16.058,193.471,89.319,15.012,0.996,0.269,93.739,0.107,0.154,0.627,0.085,0.631,0.989,Daily Generation Report_2025.06.17.xlsx,
17-06-2025 0500H,33.919,4.107,0.871,0.904,17.967,4.262,12.61,192.67,16.284,193.498,28.406,12.081,13.68,197.049,29.667,17.987,13.555,195.115,19.089,41.989,13.87,195.454,19.027,45.542,13.837,197.062,194.333,13.044,44.518,5.856,9.97,0.0,78.242,21.905,51.179,13.313,190.786,194.166,12.95,3.564,49.202,95.345,144.547,12.468,134.817,94.626,14.574,7.116,16.284,193.498,89.489,15.221,0.991,0.268,93.316,0.107,0.151,0.628,0.085,0.62,1.167,Daily Generation Report_2025.06.17.xlsx,
17-06-2025 0600H,33.973,2.999,0.87,0.906,18.243,4.235,12.598,192.614,16.169,193.297,28.559,12.076,13.661,196.968,29.665,17.988,13.541,195.077,19.072,41.99,13.849,195.402,18.951,45.536,13.82,196.978,194.282,13.032,44.557,5.963,9.973,0.0,78.169,21.904,51.185,13.305,190.73,194.111,12.939,3.545,49.123,94.757,143.88,12.409,134.439,94.879,14.574,7.087,16.169,193.297,89.625,15.108,0.985,0.268,93.213,0.107,0.148,0.401,0.086,0.619,1.268,Daily Generation Report_2025.06.17.xlsx,
17-06-2025 0700H,33.84,3.785,0.876,0.91,18.658,4.257,12.549,192.441,16.12,193.108,28.467,12.061,13.618,196.771,29.663,17.994,13.494,194.932,19.077,41.991,13.798,195.278,18.913,45.541,13.772,196.777,194.106,12.983,44.478,5.99,9.975,0.0,78.116,21.907,51.164,13.263,190.588,193.932,12.89,3.525,48.901,95.14,144.041,12.445,134.871,95.512,14.575,7.131,16.12,193.108,89.885,15.06,0.957,0.263,94.036,0.109,0.135,0.403,0.087,0.611,1.264,Daily Generation Report_2025.06.17.xlsx,
17-06-2025 0800H,33.726,5.153,0.888,0.923,19.139,4.254,12.552,192.452,16.023,193.365,28.799,12.291,13.639,196.8,29.675,18.003,13.503,194.945,19.01,42.445,13.796,195.331,18.884,45.444,13.776,196.806,194.12,12.989,44.607,5.901,9.975,0.0,78.078,21.912,51.163,13.27,190.629,193.93,12.892,3.462,49.326,94.144,143.47,12.345,134.432,95.58,14.576,7.077,16.023,193.365,89.724,14.952,0.913,0.26,94.229,0.11,0.119,0.494,0.089,0.593,1.072,Daily Generation Report_2025.06.17.xlsx,
17-06-2025 0900H,33.709,5.988,0.903,0.944,19.724,4.424,12.555,192.475,16.293,193.43,28.564,12.809,13.655,196.817,29.704,17.883,13.516,194.983,19.057,43.448,13.823,195.545,18.86,45.224,13.784,196.885,194.151,12.996,44.606,5.994,9.975,0.0,78.122,21.93,51.157,13.279,190.704,193.953,12.894,3.44,53.711,95.425,149.136,12.596,135.864,95.185,14.576,7.223,16.293,193.43,89.937,15.192,0.862,0.24,94.318,0.112,0.112,0.877,0.091,0.551,0.859,Daily Generation Report_2025.06.17.xlsx,
17-06-2025 1000H,33.604,5.637,0.917,0.965,20.343,4.456,12.564,192.499,16.098,193.404,28.71,13.25,13.68,196.848,29.809,17.834,13.53,194.974,18.863,44.164,13.838,195.572,18.909,45.095,13.789,196.873,194.18,13.009,44.591,5.778,9.975,0.0,78.247,21.947,51.14,13.295,190.772,193.981,12.903,3.532,55.865,93.882,149.747,12.368,134.801,95.279,14.583,7.118,16.098,193.404,90.227,15.004,0.823,0.215,93.998,0.114,0.111,0.828,0.093,0.507,0.977,Daily Generation Report_2025.06.17.xlsx,
17-06-2025 1100H,33.699,4.121,0.932,0.99,20.918,4.424,12.697,192.917,16.279,193.514,28.467,14.935,13.849,197.319,29.832,19.594,13.691,195.455,18.66,44.802,13.982,195.919,19.003,45.219,13.934,197.279,194.599,13.147,44.797,5.222,9.981,0.0,78.416,21.956,50.541,13.426,191.151,194.389,13.032,3.648,54.428,94.654,149.082,12.477,135.677,95.286,14.591,7.173,16.279,193.514,90.595,15.158,0.801,0.208,94.051,0.116,0.113,1.825,0.094,0.481,1.424,Daily Generation Report_2025.06.17.xlsx,
17-06-2025 1200H,34.147,3.962,0.925,0.977,20.782,4.473,12.803,193.264,16.773,193.858,27.955,16.129,14.002,197.763,29.586,20.982,13.839,195.965,18.627,45.147,14.117,196.327,18.984,45.226,14.059,197.686,194.97,13.261,45.139,5.017,9.984,0.0,78.566,21.958,49.515,13.522,191.468,194.747,13.134,3.825,55.354,97.382,152.736,12.976,137.934,95.833,14.602,7.495,16.773,193.858,90.795,15.601,0.795,0.196,94.861,0.116,0.113,2.635,0.093,0.471,1.852,Daily Generation Report_2025.06.17.xlsx,
17-06-2025 1300H,34.314,5.037,0.877,0.906,20.053,4.359,12.857,193.479,16.511,194.175,28.56,14.264,14.025,197.932,29.455,19.155,13.865,196.097,18.492,45.024,14.131,196.397,18.953,45.099,14.089,197.808,195.164,13.309,44.917,4.872,9.98,0.0,78.64,21.974,48.105,13.565,191.706,194.977,13.187,3.311,54.054,95.513,149.566,12.714,136.387,95.958,14.611,7.357,16.511,194.175,89.907,15.34,0.846,0.2,94.532,0.114,0.112,1.52,0.092,0.519,1.785,Daily Generation Report_2025.06.17.xlsx,
17-06-2025 1400H,34.253,5.635,0.845,0.862,19.354,4.279,12.848,193.468,16.344,193.989,28.933,12.13,13.959,197.785,29.64,17.024,13.815,195.971,18.576,45.025,14.11,196.351,19.041,45.094,14.062,197.761,195.12,13.29,44.5,4.776,9.976,0.0,78.703,22.004,48.329,13.553,191.713,194.946,13.179,3.118,51.612,94.962,146.575,12.458,135.571,94.833,14.612,7.165,16.344,193.989,89.435,15.162,0.906,0.227,93.617,0.112,0.11,0.862,0.09,0.58,1.536,Daily Generation Report_2025.06.17.xlsx,
17-06-2025 1500H,34.121,5.114,0.864,0.894,19.046,4.286,12.808,193.312,16.306,193.748,28.664,13.46,13.914,197.625,29.737,18.147,13.776,195.866,18.556,45.022,14.086,196.212,19.09,45.083,14.027,197.671,194.971,13.25,44.517,4.833,9.976,0.0,78.732,21.998,49.237,13.508,191.506,194.786,13.141,3.428,51.792,94.434,146.226,12.318,134.749,94.935,14.611,7.072,16.306,193.748,89.911,15.101,0.919,0.251,93.614,0.111,0.112,1.441,0.088,0.6,1.161,Daily Generation Report_2025.06.17.xlsx,
17-06-2025 1600H,34.166,4.215,0.886,0.924,18.898,4.329,12.772,193.172,16.571,193.874,28.281,15.247,13.907,197.641,29.482,19.939,13.77,195.881,18.443,45.019,14.07,196.114,19.017,45.076,14.012,197.56,194.852,13.219,44.949,4.92,9.973,0.0,78.696,21.97,49.355,13.466,191.33,194.645,13.107,3.494,52.355,95.556,147.911,12.596,135.915,95.818,14.608,7.228,16.571,193.874,89.869,15.35,0.919,0.251,94.324,0.109,0.118,3.794,0.087,0.605,1.186,Daily Generation Report_2025.06.17.xlsx,
17-06-2025 1700H,34.18,5.371,0.88,0.913,18.534,4.334,12.816,193.355,16.678,194.281,27.856,14.781,13.947,197.847,29.242,19.68,13.815,196.104,18.427,45.013,14.111,196.255,18.963,45.073,14.051,197.673,195.035,13.261,45.046,5.175,9.97,0.0,78.633,21.954,48.413,13.501,191.497,194.819,13.15,3.742,51.518,96.625,148.143,12.773,136.724,95.588,14.607,7.324,16.678,194.281,89.158,15.454,0.929,0.244,94.396,0.108,0.13,2.948,0.086,0.612,1.792,Daily Generation Report_2025.06.17.xlsx,
17-06-2025 1800H,34.34,6.941,0.878,0.911,18.379,4.281,12.864,193.53,16.676,194.146,28.493,13.794,13.984,198.011,29.226,18.676,13.855,196.235,18.492,45.009,14.158,196.387,19.042,45.063,14.097,197.838,195.212,13.31,45.154,5.344,9.97,0.0,78.539,21.964,48.275,13.545,191.601,195.003,13.199,3.843,51.051,95.96,147.011,12.769,136.367,95.224,14.606,7.351,16.676,194.146,88.992,15.443,0.94,0.247,93.927,0.107,0.142,2.414,0.085,0.62,1.762,Daily Generation Report_2025.06.17.xlsx,
17-06-2025 1900H,34.404,5.724,0.868,0.902,18.117,4.221,12.829,193.381,16.487,193.916,29.009,12.671,13.926,197.83,29.336,17.558,13.801,196.005,18.443,45.008,14.111,196.181,19.05,45.058,14.051,197.657,195.055,13.272,45.034,5.264,9.971,0.0,78.429,21.964,49.291,13.511,191.413,194.855,13.165,3.932,50.974,94.261,145.235,12.496,134.954,95.271,14.605,7.174,16.487,193.916,89.014,15.25,0.945,0.248,93.64,0.107,0.152,2.415,0.085,0.623,1.216,Daily Generation Report_2025.06.17.xlsx,
17-06-2025 2000H,34.21,3.594,0.835,0.878,17.683,4.27,12.833,193.385,16.402,193.936,28.749,12.953,13.903,197.753,29.52,17.062,13.781,195.904,18.414,45.008,14.095,196.109,19.014,45.055,14.033,197.572,195.033,13.268,44.537,5.191,9.971,0.0,78.33,21.957,49.486,13.512,191.415,194.863,13.167,3.926,51.576,94.502,146.077,12.396,134.804,95.672,14.605,7.077,16.402,193.936,89.071,15.155,0.947,0.246,94.007,0.107,0.158,1.155,0.085,0.629,1.329,Daily Generation Report_2025.06.17.xlsx,
17-06-2025 2100H,34.09,3.665,0.82,0.87,17.616,4.224,12.78,193.244,16.342,193.852,28.956,14.211,13.853,197.619,29.647,16.43,13.724,195.753,18.412,45.007,14.044,195.99,19.007,45.055,13.982,197.458,194.896,13.215,44.526,5.263,9.973,0.0,78.254,21.958,49.549,13.464,191.346,194.726,13.115,3.739,50.517,93.481,143.998,12.24,134.213,95.044,14.605,6.962,16.342,193.852,88.497,15.091,0.949,0.25,93.503,0.107,0.16,1.156,0.085,0.633,1.502,Daily Generation Report_2025.06.17.xlsx,
17-06-2025 2200H,33.974,4.377,0.834,0.872,17.574,4.194,12.711,193.013,16.316,193.697,28.745,15.125,13.772,197.363,29.859,15.16,13.637,195.494,18.395,45.007,13.969,195.751,19.02,45.053,13.905,197.224,194.651,13.14,44.365,5.303,9.973,0.0,78.188,21.953,49.713,13.399,191.127,194.485,13.047,3.599,49.21,93.271,142.482,12.194,134.031,94.834,14.605,6.938,16.316,193.697,88.54,15.055,0.95,0.252,93.413,0.106,0.163,0.84,0.085,0.634,1.191,Daily Generation Report_2025.06.17.xlsx,
17-06-2025 2300H,33.799,3.516,0.836,0.86,17.074,4.224,12.654,192.803,16.282,193.619,28.06,16.332,13.706,197.136,30.121,13.55,13.556,195.265,18.353,45.006,13.9,195.519,19.009,45.05,13.833,196.973,194.422,13.075,43.98,5.45,9.972,0.0,78.109,21.935,50.209,13.34,190.929,194.282,12.989,3.57,49.233,93.518,142.752,12.194,134.0,95.683,14.605,6.953,16.282,193.619,88.986,15.008,0.953,0.248,94.085,0.106,0.171,0.84,0.084,0.64,0.773,Daily Generation Report_2025.06.17.xlsx,
18-06-2025 0000H,33.934,2.817,0.831,0.84,16.304,4.397,12.508,192.286,17.095,193.664,27.688,17.897,13.585,196.579,30.275,12.034,13.399,194.759,18.25,45.003,13.759,195.154,18.934,45.046,13.689,196.451,193.804,12.903,43.037,5.892,9.976,0.0,78.013,21.923,50.256,13.194,190.493,193.774,12.844,3.237,48.688,100.518,149.205,12.897,137.721,90.505,14.604,7.352,17.095,193.664,88.047,15.76,0.961,0.244,89.29,0.106,0.177,5.454,0.084,0.648,0.451,Daily Generation Report_2025.06.17.xlsx,
18-06-2025 0100H,33.986,3.072,0.821,0.824,15.466,4.205,12.696,192.945,16.393,193.625,27.87,17.991,13.763,197.314,30.415,11.967,13.586,195.418,18.336,45.003,13.941,195.599,18.956,45.052,13.87,197.111,194.547,13.113,43.815,5.952,9.968,0.0,77.897,21.912,50.082,13.371,190.988,194.416,13.029,3.592,48.194,94.724,142.918,12.331,134.922,94.741,14.604,7.028,16.393,193.625,88.722,15.08,0.968,0.24,93.764,0.106,0.191,1.193,0.084,0.645,0.859,Daily Generation Report_2025.06.18.xlsx,1.311
18-06-2025 0200H,34.097,3.305,0.815,0.812,14.927,4.105,12.764,193.19,16.194,193.757,27.944,17.995,13.821,197.549,30.58,11.97,13.646,195.551,18.326,45.003,14.0,195.764,18.959,45.065,13.93,197.358,194.799,13.184,43.864,6.011,9.969,0.0,77.764,21.908,49.895,13.433,191.175,194.655,13.097,3.637,47.804,92.168,139.972,12.007,133.042,95.368,14.604,6.842,16.194,193.757,88.666,14.868,0.974,0.237,92.98,0.105,0.202,0.655,0.083,0.644,1.187,Daily Generation Report_2025.06.18.xlsx,1.324
18-06-2025 0300H,34.177,3.539,0.802,0.797,14.52,4.134,12.849,193.442,16.288,193.79,28.264,17.987,13.904,197.783,30.693,11.965,13.723,195.655,18.356,45.003,14.076,195.962,18.987,45.069,14.008,197.568,195.037,13.267,43.812,6.034,9.97,0.0,77.644,21.915,49.704,13.511,191.334,194.889,13.179,3.832,48.163,93.13,141.294,12.091,133.755,95.79,14.605,6.894,16.288,193.79,88.897,14.948,0.976,0.234,93.484,0.105,0.209,0.718,0.083,0.643,1.627,Daily Generation Report_2025.06.18.xlsx,1.339
18-06-2025 0400H,34.058,4.579,0.759,0.757,13.943,4.17,12.826,193.39,16.416,193.855,27.801,17.508,13.865,197.661,30.794,11.956,13.688,195.61,18.343,45.004,14.043,195.911,18.969,45.067,13.976,197.477,194.95,13.233,43.291,5.948,9.97,0.0,77.539,21.922,49.195,13.487,191.333,194.838,13.153,3.672,47.449,94.564,142.013,12.142,134.481,95.259,14.605,6.88,16.416,193.855,88.385,15.054,0.976,0.233,93.788,0.105,0.212,1.145,0.083,0.641,1.677,Daily Generation Report_2025.06.18.xlsx,1.361
18-06-2025 0500H,34.414,4.959,0.727,0.733,13.73,3.993,12.928,193.763,16.172,194.04,28.348,17.04,13.97,198.057,30.902,11.954,13.792,196.011,18.373,45.005,14.141,196.221,18.983,45.065,14.075,197.825,195.338,13.342,43.697,5.922,9.969,0.0,77.45,21.931,48.116,13.584,191.664,195.211,13.255,3.143,45.645,91.756,137.401,11.738,132.524,94.633,14.604,6.627,16.172,194.04,87.737,14.809,0.971,0.236,92.471,0.105,0.211,0.494,0.083,0.638,2.441,Daily Generation Report_2025.06.18.xlsx,1.361
18-06-2025 0600H,34.472,4.634,0.724,0.732,14.238,4.083,12.911,193.653,16.367,193.986,28.185,17.039,13.945,197.953,30.998,11.96,13.773,195.944,18.387,45.012,14.116,196.161,19.007,45.063,14.061,197.722,195.222,13.321,43.539,5.72,9.97,0.0,77.413,21.942,48.489,13.57,191.567,195.082,13.238,3.22,46.183,94.553,140.737,12.029,134.465,94.623,14.605,6.783,16.367,193.986,88.397,14.984,0.961,0.243,92.802,0.106,0.204,0.812,0.083,0.633,2.361,Daily Generation Report_2025.06.18.xlsx,1.381
18-06-2025 0700H,34.118,5.464,0.758,0.772,16.241,4.275,12.764,193.186,16.322,193.961,27.737,16.667,13.812,197.537,31.078,11.979,13.637,195.575,18.336,45.031,13.954,195.86,18.96,45.071,13.936,197.376,194.787,13.18,43.536,5.318,9.973,0.0,77.597,21.968,49.144,13.446,191.411,194.629,13.094,3.385,51.789,94.052,145.842,12.045,134.873,95.296,14.608,6.789,16.322,193.961,88.533,14.93,0.92,0.257,93.701,0.109,0.164,0.816,0.087,0.618,1.377,Daily Generation Report_2025.06.18.xlsx,1.39
18-06-2025 0800H,34.147,5.673,0.803,0.821,18.335,4.356,12.755,193.178,16.281,193.89,28.362,17.029,13.871,197.615,31.162,12.001,13.661,195.627,18.371,45.042,13.954,195.97,18.975,45.089,13.952,197.475,194.82,13.189,44.162,5.171,9.974,0.0,78.007,22.009,49.388,13.46,191.584,194.622,13.087,3.36,56.289,92.468,148.757,12.031,134.765,95.249,14.612,6.813,16.281,193.89,88.382,14.888,0.849,0.254,93.769,0.113,0.12,0.841,0.092,0.586,1.16,Daily Generation Report_2025.06.18.xlsx,1.392
18-06-2025 0900H,34.042,5.154,0.821,0.835,19.057,4.404,12.721,193.03,16.398,193.722,28.069,17.573,13.858,197.451,31.24,12.008,13.641,195.51,18.402,45.039,13.947,195.911,18.992,45.106,13.923,197.351,194.662,13.154,43.945,5.03,9.975,0.0,78.442,22.023,49.935,13.439,191.504,194.477,13.051,3.489,56.032,93.899,149.93,12.153,135.406,94.975,14.614,6.891,16.398,193.722,88.839,14.991,0.815,0.216,93.55,0.116,0.114,1.936,0.094,0.558,1.008,Daily Generation Report_2025.06.18.xlsx,1.406
18-06-2025 1000H,33.981,5.386,0.847,0.861,19.546,4.292,12.741,193.074,16.174,193.742,28.404,17.721,13.906,197.546,31.317,12.009,13.679,195.587,18.437,45.036,13.998,195.967,18.988,45.113,13.948,197.402,194.727,13.184,44.276,4.442,9.981,0.0,78.827,22.013,49.999,13.464,191.546,194.518,13.07,3.526,53.692,92.155,145.847,11.915,133.997,95.842,14.613,6.759,16.174,193.742,89.28,14.819,0.811,0.183,93.9,0.117,0.115,1.171,0.095,0.539,1.224,Daily Generation Report_2025.06.18.xlsx,1.354
18-06-2025 1100H,34.019,5.213,0.836,0.851,19.091,4.319,12.767,193.174,16.282,193.782,28.303,18.071,13.931,197.602,31.371,12.007,13.699,195.67,18.438,45.04,14.023,196.022,18.985,45.1,13.963,197.46,194.804,13.203,44.12,3.713,9.982,0.0,79.045,21.991,49.937,13.483,191.587,194.603,13.094,3.387,52.12,94.813,146.933,12.361,136.053,95.796,14.613,7.022,16.282,193.782,88.951,14.949,0.84,0.19,94.446,0.115,0.113,0.104,0.093,0.55,1.044,Daily Generation Report_2025.06.18.xlsx,1.331
18-06-2025 1200H,33.911,5.24,0.817,0.83,18.666,4.293,12.724,193.049,16.015,193.843,27.769,17.598,13.853,197.429,31.363,11.136,13.631,195.484,18.384,45.045,13.957,195.874,18.947,45.088,13.905,197.287,194.66,13.151,43.774,3.224,9.98,0.0,79.167,21.98,49.948,13.438,191.444,194.487,13.052,3.27,51.855,93.738,145.593,12.261,134.882,95.111,14.612,6.965,16.015,193.843,88.404,14.689,0.875,0.206,93.541,0.113,0.111,0.102,0.091,0.575,0.803,Daily Generation Report_2025.06.18.xlsx,1.325
18-06-2025 1300H,33.976,6.898,0.826,0.842,18.808,4.205,12.734,193.05,15.89,193.704,28.391,17.087,13.872,197.49,31.308,10.186,13.64,195.43,18.422,45.044,13.969,195.889,18.985,45.089,13.919,197.283,194.679,13.166,44.077,3.121,9.98,0.0,79.293,21.98,50.022,13.447,191.353,194.499,13.064,3.282,50.844,92.021,142.864,12.116,133.618,95.582,14.612,6.864,15.89,193.704,88.858,14.563,0.884,0.215,93.689,0.112,0.11,0.491,0.09,0.588,1.117,Daily Generation Report_2025.06.18.xlsx,1.325
18-06-2025 1400H,33.741,7.308,0.823,0.837,18.88,4.247,12.684,192.888,16.086,193.583,28.147,17.06,13.805,197.286,31.315,10.101,13.579,195.265,18.367,45.046,13.907,195.717,18.967,45.088,13.864,197.133,194.493,13.108,43.73,3.307,9.978,0.0,79.413,21.969,50.09,13.397,191.217,194.336,13.015,3.122,49.072,94.237,143.309,12.322,135.176,95.662,14.613,6.944,16.086,193.583,88.517,14.731,0.892,0.228,94.169,0.112,0.11,0.491,0.089,0.602,0.981,Daily Generation Report_2025.06.18.xlsx,1.354
18-06-2025 1500H,33.886,5.131,0.82,0.835,18.846,4.174,12.684,192.904,15.847,193.609,28.433,17.053,13.825,197.342,31.355,10.093,13.585,195.287,18.361,45.049,13.913,195.707,18.936,45.085,13.867,197.177,194.525,13.115,43.97,3.603,9.976,0.0,79.575,21.971,50.103,13.402,191.246,194.356,13.015,3.186,49.219,92.208,141.427,12.001,133.959,95.294,14.614,6.783,15.847,193.609,87.942,14.514,0.885,0.224,93.213,0.113,0.11,0.075,0.089,0.591,0.849,Daily Generation Report_2025.06.18.xlsx,1.331
18-06-2025 1600H,33.919,4.046,0.808,0.825,18.291,4.166,12.693,192.895,15.842,193.564,28.351,17.055,13.843,197.3,31.37,10.09,13.593,195.231,18.412,45.045,13.932,195.682,18.954,45.084,13.867,197.137,194.495,13.119,43.711,3.777,9.978,0.0,79.702,21.965,50.11,13.407,191.17,194.341,13.021,3.288,47.653,93.665,141.318,12.067,134.452,95.183,14.613,6.827,15.842,193.564,88.767,14.503,0.891,0.214,93.841,0.113,0.111,0.298,0.089,0.591,0.853,Daily Generation Report_2025.06.18.xlsx,1.337
18-06-2025 1700H,33.612,6.239,0.809,0.836,17.788,4.191,12.637,192.728,15.839,193.553,28.037,17.081,13.754,197.137,31.387,10.097,13.523,195.087,18.345,45.037,13.875,195.513,18.926,45.076,13.805,196.969,194.336,13.057,43.675,3.677,9.974,0.0,79.703,21.928,50.169,13.336,191.024,194.201,12.967,3.367,47.921,92.945,140.865,11.941,133.717,95.625,14.609,6.715,15.839,193.553,88.379,14.487,0.909,0.218,94.264,0.11,0.12,0.295,0.087,0.618,0.672,Daily Generation Report_2025.06.18.xlsx,1.35
18-06-2025 1800H,33.767,7.91,0.821,0.856,17.337,4.211,12.648,192.797,15.907,193.401,28.378,17.554,13.747,197.251,31.413,10.104,13.529,195.174,18.34,45.032,13.891,195.561,18.932,45.063,13.822,197.044,194.422,13.071,43.949,3.55,9.971,0.0,79.606,21.903,50.171,13.335,191.021,194.288,12.982,3.434,49.496,92.693,142.189,12.007,133.709,95.646,14.607,6.763,15.907,193.401,87.691,14.524,0.917,0.22,93.451,0.107,0.141,0.07,0.085,0.636,0.629,Daily Generation Report_2025.06.18.xlsx,1.381
18-06-2025 1900H,33.655,7.537,0.821,0.847,16.676,4.264,12.621,192.662,16.009,193.361,27.989,18.13,13.696,197.066,31.458,10.113,13.489,195.056,18.305,45.031,13.856,195.397,18.916,45.054,13.787,196.882,194.249,13.033,43.538,3.534,9.973,0.0,79.469,21.888,50.177,13.303,190.824,194.133,12.954,3.33,48.433,95.082,143.515,12.194,134.761,95.509,14.606,6.86,16.009,193.361,87.876,14.604,0.922,0.219,93.932,0.106,0.163,0.209,0.084,0.646,0.605,Daily Generation Report_2025.06.18.xlsx,1.404
18-06-2025 2000H,33.69,6.865,0.827,0.839,16.175,4.193,12.652,192.795,15.846,193.498,28.323,18.626,13.734,197.254,31.496,10.121,13.524,195.205,18.286,45.03,13.89,195.487,18.882,45.048,13.82,197.03,194.411,13.072,43.943,3.347,9.972,0.0,79.315,21.878,50.17,13.33,190.929,194.272,12.986,3.368,49.063,92.208,141.27,11.895,133.05,96.009,14.605,6.679,15.846,193.498,87.634,14.446,0.927,0.216,94.226,0.106,0.176,0.209,0.084,0.655,0.638,Daily Generation Report_2025.06.18.xlsx,1.399
18-06-2025 2100H,33.982,5.475,0.791,0.796,15.474,4.178,12.754,193.165,15.969,193.513,28.097,18.999,13.818,197.532,31.533,10.124,13.612,195.495,18.321,45.03,13.977,195.743,18.89,45.044,13.906,197.309,194.746,13.167,43.463,3.037,9.974,0.0,79.173,21.883,49.95,13.424,191.184,194.634,13.084,3.509,48.264,93.716,141.98,12.024,133.754,95.327,14.605,6.764,15.969,193.513,87.347,14.527,0.932,0.215,93.526,0.106,0.183,0.115,0.084,0.655,0.913,Daily Generation Report_2025.06.18.xlsx,1.441
18-06-2025 2200H,34.068,4.985,0.744,0.749,15.567,4.151,12.795,193.287,15.925,193.647,27.828,18.826,13.842,197.615,31.564,10.119,13.642,195.617,18.313,45.029,14.003,195.834,18.881,45.044,13.936,197.383,194.852,13.203,43.225,2.977,9.969,0.0,79.072,21.885,49.273,13.46,191.337,194.773,13.123,3.228,48.324,93.083,141.407,11.826,133.394,95.525,14.605,6.618,15.925,193.647,86.809,14.458,0.93,0.216,93.354,0.106,0.184,0.115,0.084,0.646,1.259,Daily Generation Report_2025.06.18.xlsx,1.465
18-06-2025 2300H,34.268,4.721,0.739,0.747,16.213,4.128,12.786,193.259,15.945,193.653,28.277,18.346,13.854,197.653,31.593,10.111,13.646,195.661,18.368,45.028,14.007,195.898,18.914,45.05,13.942,197.418,194.846,13.201,43.626,3.212,9.967,0.0,79.056,21.897,49.031,13.454,191.404,194.742,13.115,2.954,48.447,93.01,141.457,11.878,134.144,95.503,14.605,6.636,15.945,193.653,86.766,14.468,0.925,0.218,93.308,0.106,0.177,0.338,0.084,0.634,1.292,Daily Generation Report_2025.06.18.xlsx,1.475
19-06-2025 0000H,33.788,3.334,0.739,0.746,16.347,4.203,12.505,192.26,15.56,194.574,29.526,18.036,13.663,196.976,31.623,10.104,13.421,194.986,18.268,45.032,13.786,195.297,18.801,45.057,13.723,196.734,193.984,12.951,44.893,3.442,9.97,0.0,79.097,21.872,50.147,13.193,190.857,193.732,12.841,3.108,49.926,92.098,142.025,11.869,134.016,97.123,14.605,6.573,15.56,194.574,85.526,14.107,0.919,0.219,97.836,0.107,0.171,0.084,0.085,0.629,0.446,Daily Generation Report_2025.06.18.xlsx,1.455
19-06-2025 0100H,34.159,2.556,0.745,0.753,16.235,4.122,12.763,193.17,15.851,193.711,28.293,18.035,13.841,197.578,31.646,10.106,13.625,195.65,18.328,45.027,13.982,195.846,18.9,45.055,13.923,197.366,194.767,13.18,43.689,3.528,9.968,0.0,79.151,21.903,49.45,13.436,191.372,194.638,13.092,3.172,49.092,91.727,140.82,11.69,133.1,95.823,14.606,6.505,,,87.207,14.39,0.91,0.222,93.638,0.107,0.165,0.517,0.085,0.625,1.142,Daily Generation Report_2025.06.19.xlsx,1.459
19-06-2025 0200H,34.16,2.545,0.751,0.758,16.416,4.188,12.792,193.287,16.019,193.728,28.115,18.032,13.863,197.641,31.69,10.105,13.649,195.744,18.365,45.027,14.007,195.934,18.913,45.055,13.946,197.452,194.863,13.205,43.381,3.55,9.968,0.0,79.222,21.907,49.672,13.465,191.474,194.739,13.12,3.379,48.81,94.238,143.048,11.973,134.602,95.129,14.606,6.664,,,87.119,14.532,0.907,0.22,93.317,0.107,0.163,0.069,0.085,0.624,1.055,Daily Generation Report_2025.06.19.xlsx,1.485
19-06-2025 0300H,34.157,3.169,0.754,0.762,16.308,4.126,12.78,193.234,15.956,193.813,28.076,18.031,13.849,197.599,31.728,10.106,13.636,195.689,18.342,45.026,13.995,195.881,18.904,45.053,13.933,197.403,194.817,13.193,43.454,3.475,9.968,0.0,79.281,21.905,49.714,13.453,191.413,194.69,13.108,3.486,47.806,93.123,140.929,11.805,133.875,95.42,14.606,6.563,,,86.827,14.468,0.907,0.22,93.313,0.107,0.164,0.069,0.085,0.63,1.067,Daily Generation Report_2025.06.19.xlsx,1.487
19-06-2025 0400H,34.182,5.148,0.755,0.762,16.222,4.134,12.749,193.125,15.934,193.797,28.304,18.034,13.828,197.539,31.756,10.108,13.613,195.595,18.361,45.024,13.975,195.83,18.916,45.052,13.912,197.341,194.724,13.166,43.748,3.293,9.969,0.0,79.331,21.903,49.582,13.422,191.335,194.583,13.078,3.444,48.461,92.855,141.315,11.818,134.048,95.923,14.606,6.577,,,86.936,14.407,0.907,0.22,93.79,0.107,0.163,0.298,0.084,0.635,1.111,Daily Generation Report_2025.06.19.xlsx,1.526
19-06-2025 0500H,33.954,5.935,0.749,0.756,15.9,4.226,12.776,193.199,16.105,193.682,27.794,18.035,13.835,197.513,31.781,10.108,13.626,195.569,18.342,45.024,13.984,195.833,18.917,45.05,13.922,197.335,194.753,13.181,43.142,3.11,9.968,0.0,79.37,21.906,49.758,13.446,191.327,194.639,13.103,3.714,48.118,95.384,143.502,11.981,134.871,94.96,14.605,6.654,,,87.1,14.552,0.908,0.222,93.483,0.107,0.165,0.366,0.084,0.632,1.217,Daily Generation Report_2025.06.19.xlsx,1.551
19-06-2025 0600H,34.073,5.846,0.757,0.766,16.324,4.163,12.805,193.31,15.962,193.782,28.289,18.035,13.875,197.694,31.8,10.102,13.662,195.701,18.326,45.027,14.006,195.93,18.868,45.181,13.955,197.416,194.896,13.22,43.557,3.148,9.969,0.0,79.416,21.911,49.499,13.48,191.472,194.757,13.133,3.597,49.049,92.791,141.84,11.741,133.551,95.721,14.606,6.523,,,86.711,14.413,0.9,0.229,93.544,0.107,0.156,0.137,0.085,0.627,1.243,Daily Generation Report_2025.06.19.xlsx,1.547
19-06-2025 0700H,34.119,5.814,0.776,0.789,17.687,4.219,12.777,193.231,16.181,193.736,28.102,18.041,13.865,197.626,31.828,10.09,13.647,195.668,18.376,45.032,13.976,195.966,18.92,45.691,13.953,197.355,194.821,13.194,43.607,3.356,9.972,0.0,79.603,21.941,49.506,13.466,191.502,194.672,13.106,3.283,48.583,95.366,143.949,12.135,135.991,95.611,14.609,6.759,,,86.783,14.587,0.875,0.229,93.797,0.109,0.13,0.449,0.088,0.613,1.078,Daily Generation Report_2025.06.19.xlsx,1.592
19-06-2025 0800H,34.132,6.042,0.803,0.82,18.708,4.199,12.73,193.068,16.097,193.637,27.899,18.593,13.86,197.52,31.856,10.071,13.626,195.567,18.364,45.031,13.938,195.945,18.936,46.077,13.936,197.342,194.694,13.161,44.047,3.5,9.978,0.0,79.962,21.974,49.573,13.441,191.498,194.545,13.062,3.288,49.505,93.809,143.314,12.023,135.459,95.633,14.613,6.712,,,86.942,14.526,0.832,0.226,93.729,0.113,0.114,0.453,0.091,0.589,1.193,Daily Generation Report_2025.06.19.xlsx,1.569
19-06-2025 0900H,34.113,7.192,0.831,0.849,19.516,4.303,12.721,193.032,16.313,193.688,27.254,21.857,13.93,197.667,31.881,10.058,13.656,195.615,18.39,45.025,13.967,196.03,18.782,46.091,13.951,197.428,194.679,13.161,44.33,3.486,9.983,0.0,80.387,21.989,49.354,13.444,191.565,194.526,13.053,3.629,51.656,95.133,146.789,12.316,136.825,96.242,14.617,6.906,,,86.959,14.702,0.784,0.202,94.283,0.115,0.115,1.713,0.094,0.56,1.306,Daily Generation Report_2025.06.19.xlsx,1.61
19-06-2025 1000H,33.877,7.032,0.855,0.872,20.214,4.521,12.637,192.738,17.004,193.67,25.479,25.206,13.896,197.491,31.914,10.059,13.594,195.37,18.443,45.02,13.92,195.875,18.697,46.101,13.882,197.128,194.316,13.058,43.404,3.336,9.984,0.0,80.789,21.993,50.244,13.368,191.31,194.177,12.965,3.588,51.498,101.674,153.172,13.14,140.714,95.786,14.619,7.441,,,87.484,15.31,0.757,0.174,94.313,0.117,0.116,10.244,0.094,0.524,0.84,Daily Generation Report_2025.06.19.xlsx,1.692
19-06-2025 1100H,34.069,5.406,0.875,0.893,20.458,4.54,12.573,192.501,17.265,193.691,25.246,27.51,13.912,197.535,31.94,10.06,13.572,195.26,18.428,45.018,13.902,195.793,18.719,46.106,13.853,197.016,194.095,12.997,43.639,3.039,9.987,0.0,81.115,21.976,52.16,13.318,191.13,193.933,12.905,3.241,52.864,101.807,154.671,13.349,141.254,96.171,14.62,7.645,,,87.647,15.543,0.746,0.169,94.501,0.118,0.117,18.676,0.094,0.495,0.401,Daily Generation Report_2025.06.19.xlsx,1.721
19-06-2025 1200H,34.577,4.805,0.877,0.897,20.091,4.466,12.711,192.985,17.449,194.059,26.03,29.628,14.147,198.289,31.952,10.058,13.749,195.825,18.388,45.02,14.062,196.236,18.704,46.107,14.013,197.58,194.633,13.155,44.399,2.811,9.991,0.0,81.371,21.929,52.766,13.452,191.517,194.434,13.043,3.336,53.398,101.008,154.407,13.471,141.561,96.271,14.62,7.74,,,87.02,15.695,0.75,0.169,94.398,0.119,0.118,18.696,0.094,0.495,0.548,Daily Generation Report_2025.06.19.xlsx,1.752
19-06-2025 1300H,34.935,5.764,0.874,0.894,19.727,4.58,12.928,193.725,17.238,194.588,26.577,28.86,14.369,198.968,31.958,10.487,13.954,196.476,18.45,45.022,14.25,196.79,18.698,46.106,14.204,198.169,195.353,13.368,44.203,2.848,9.991,0.0,81.585,21.898,50.645,13.651,192.087,195.156,13.252,3.382,52.152,107.854,160.006,12.93,146.467,95.793,17.409,8.31,,,87.1,15.343,0.76,0.164,94.263,0.119,0.118,10.564,0.094,0.501,1.868,Daily Generation Report_2025.06.19.xlsx,1.894
19-06-2025 1400H,35.038,5.692,0.866,0.884,19.39,4.715,12.966,193.845,16.585,194.632,26.857,25.395,14.321,198.832,31.961,11.466,13.95,196.48,18.539,45.026,14.263,196.813,18.755,46.098,14.207,198.104,195.431,13.393,43.56,3.027,9.986,0.0,81.74,21.898,49.448,13.681,192.165,195.276,13.289,3.466,51.399,113.811,165.21,11.866,150.508,95.896,21.084,8.858,,,87.123,14.587,0.788,0.17,94.32,0.117,0.116,2.011,0.093,0.524,1.94,Daily Generation Report_2025.06.19.xlsx,1.997
19-06-2025 1500H,35.025,4.574,0.848,0.865,18.89,4.66,12.914,193.675,16.355,194.454,27.091,22.965,14.215,198.508,31.967,12.008,13.87,196.257,18.532,45.029,14.208,196.599,18.8,46.086,14.137,197.885,195.253,13.338,43.326,3.078,9.979,0.0,81.844,21.888,50.409,13.626,191.994,195.122,13.238,3.526,51.204,112.02,163.225,11.701,148.735,96.059,20.768,8.812,,,86.938,14.384,0.833,0.186,94.139,0.116,0.113,0.078,0.092,0.549,1.062,Daily Generation Report_2025.06.19.xlsx,1.97
19-06-2025 1600H,34.99,3.341,0.82,0.835,18.128,4.583,12.934,193.723,16.426,194.521,27.252,22.465,14.212,198.534,31.961,11.992,13.873,196.277,18.468,45.029,14.22,196.581,18.767,46.07,14.144,197.922,195.296,13.354,43.32,2.905,9.975,0.0,81.861,21.845,50.413,13.626,191.97,195.162,13.257,3.163,49.218,111.154,160.372,12.074,147.553,96.261,19.344,8.753,,,87.169,14.465,0.938,0.199,94.748,0.113,0.112,0.075,0.089,0.95,1.08,Daily Generation Report_2025.06.19.xlsx,1.959
19-06-2025 1700H,34.921,4.083,0.789,0.804,17.434,4.53,12.93,193.732,16.382,194.417,27.433,21.479,14.149,198.466,31.951,11.983,13.846,196.261,18.449,45.028,14.197,196.568,18.734,46.049,14.127,197.885,195.296,13.343,43.291,2.703,9.971,0.0,81.789,21.804,50.007,13.601,191.967,195.193,13.255,2.714,48.211,109.973,158.184,12.035,146.729,96.479,19.119,8.668,,,86.986,14.429,1.054,0.206,94.705,0.109,0.116,0.072,0.087,1.529,0.639,Daily Generation Report_2025.06.19.xlsx,1.951
19-06-2025 1800H,34.822,4.98,0.784,0.798,17.221,4.5,12.91,193.666,16.299,194.237,27.645,20.468,14.089,198.31,31.954,11.981,13.812,196.147,18.476,45.027,14.172,196.522,18.763,46.044,14.1,197.793,195.227,13.321,43.233,2.695,9.971,0.0,81.737,21.781,50.899,13.576,191.88,195.128,13.237,3.038,48.538,108.164,156.702,11.856,145.475,96.21,19.118,8.549,,,87.201,14.361,1.085,0.207,94.578,0.108,0.126,0.071,0.086,1.586,0.402,Daily Generation Report_2025.06.19.xlsx,1.937
19-06-2025 1900H,34.719,4.631,0.787,0.792,16.962,4.492,12.84,193.426,16.182,194.162,27.76,20.119,14.01,198.072,31.954,11.975,13.74,195.916,18.413,45.026,14.105,196.333,18.753,46.053,14.034,197.603,195.0,13.253,43.305,2.814,9.971,0.0,81.701,21.753,51.675,13.505,191.68,194.885,13.168,3.396,48.817,107.136,155.953,11.792,144.81,96.911,19.118,8.519,,,87.369,14.244,1.092,0.208,95.219,0.108,0.137,0.07,0.086,1.366,0.401,Daily Generation Report_2025.06.19.xlsx,1.937
19-06-2025 2000H,34.619,4.582,0.812,0.816,16.65,4.488,12.748,193.146,16.182,193.946,27.794,20.113,13.924,197.843,31.959,11.966,13.655,195.686,18.383,45.024,14.028,196.107,18.713,46.053,13.954,197.388,194.743,13.165,43.591,2.837,9.969,0.0,81.63,21.731,52.149,13.417,191.417,194.63,13.079,3.568,48.951,106.433,155.383,11.785,144.39,97.22,19.117,8.526,,,87.13,14.232,1.096,0.208,94.968,0.107,0.15,0.069,0.085,1.205,0.4,Daily Generation Report_2025.06.19.xlsx,1.949
19-06-2025 2100H,34.713,4.338,0.821,0.831,16.222,4.432,12.698,192.954,16.136,193.786,27.824,20.106,13.875,197.685,31.964,11.965,13.607,195.516,18.401,45.022,13.987,195.919,18.717,45.69,13.907,197.245,194.562,13.117,43.81,2.659,9.969,0.0,81.515,21.718,52.845,13.369,191.167,194.434,13.031,3.676,48.688,105.162,153.849,11.67,143.287,96.818,19.116,8.455,,,86.907,14.212,1.099,0.206,94.898,0.107,0.163,0.069,0.084,1.111,0.397,Daily Generation Report_2025.06.19.xlsx,1.923
19-06-2025 2200H,34.871,4.995,0.776,0.783,15.66,4.356,12.665,192.853,16.1,193.775,27.879,20.111,13.834,197.578,31.97,11.965,13.567,195.418,18.327,45.021,13.946,195.737,18.692,45.192,13.862,197.141,194.454,13.081,43.719,2.304,9.969,0.0,81.384,21.709,53.078,13.341,191.063,194.327,12.999,3.512,47.27,104.615,151.885,11.557,142.896,97.088,19.115,8.365,,,86.726,14.183,1.099,0.204,94.958,0.106,0.173,0.068,0.084,1.01,0.395,Daily Generation Report_2025.06.19.xlsx,1.916
19-06-2025 2300H,34.987,5.053,0.754,0.76,15.491,4.31,12.704,192.997,16.147,193.774,28.08,20.109,13.869,197.705,31.978,11.96,13.601,195.551,18.308,45.019,13.98,195.772,18.732,45.048,13.897,197.227,194.588,13.119,43.688,2.057,9.971,0.0,81.277,21.687,53.036,13.378,191.133,194.462,13.038,3.604,46.444,104.352,150.796,11.498,142.763,96.651,19.115,8.314,,,87.198,14.212,1.096,0.203,94.692,0.106,0.181,0.068,0.084,0.925,0.395,Daily Generation Report_2025.06.19.xlsx,1.933
20-06-2025 0000H,34.796,5.049,0.754,0.759,15.406,4.681,12.514,192.384,16.463,194.269,28.822,20.095,13.739,197.398,31.976,11.959,13.463,195.237,18.285,45.019,13.851,195.507,18.723,45.047,13.765,196.953,194.131,12.963,45.11,1.915,9.972,0.0,81.216,21.644,52.964,13.198,191.064,193.954,12.851,3.385,54.156,108.71,162.865,12.409,150.112,103.025,19.115,8.886,,,85.029,14.335,1.102,0.203,96.283,0.106,0.192,0.068,0.084,0.853,0.396,Daily Generation Report_2025.06.19.xlsx,2.119
20-06-2025 0100H,35.296,5.1,0.763,0.771,15.404,4.047,12.769,193.203,15.79,193.832,29.699,19.591,13.968,198.087,31.986,11.958,13.699,195.801,18.339,44.973,14.072,196.024,18.806,44.991,13.992,197.559,194.92,13.224,45.611,1.573,9.974,0.0,81.106,21.659,52.363,13.441,191.369,194.704,13.108,3.554,51.03,91.811,142.84,10.788,134.727,96.637,17.943,7.293,,,86.032,14.051,1.043,0.205,93.642,0.106,0.184,0.068,0.084,1.682,0.395,Daily Generation Report_2025.06.20.xlsx,1.743
20-06-2025 0200H,35.294,3.427,0.77,0.779,15.129,3.888,12.784,193.248,15.664,193.798,29.728,19.51,13.968,198.131,31.993,11.57,13.711,195.852,18.384,44.984,14.087,196.077,18.848,44.988,14.006,197.596,194.991,13.247,46.193,1.399,9.973,0.0,81.01,21.666,52.281,13.459,191.378,194.748,13.125,3.83,50.341,86.884,137.225,11.154,131.008,95.27,15.846,6.698,,,84.805,14.111,0.964,0.205,92.677,0.106,0.187,0.068,0.084,1.936,0.396,Daily Generation Report_2025.06.20.xlsx,1.557
20-06-2025 0300H,35.295,3.804,0.768,0.778,15.182,3.868,12.789,193.268,15.646,193.863,29.398,19.129,13.967,198.125,32.004,10.665,13.716,195.884,18.369,45.041,14.089,196.085,18.895,45.043,14.011,197.587,195.014,13.254,46.17,1.326,9.97,0.0,80.932,21.668,52.169,13.469,191.398,194.758,13.131,3.628,50.637,85.899,136.536,11.404,130.424,94.623,14.922,6.493,,,84.143,14.098,0.944,0.205,92.502,0.106,0.185,0.068,0.084,1.716,0.395,Daily Generation Report_2025.06.20.xlsx,1.547
20-06-2025 0400H,35.295,5.735,0.758,0.769,15.297,3.841,12.787,193.268,15.643,193.844,29.153,19.024,13.959,198.096,32.013,10.149,13.711,195.855,18.344,45.041,14.082,196.058,18.914,45.044,14.005,197.573,195.009,13.251,46.023,1.284,9.97,0.0,80.858,21.664,52.338,13.466,191.377,194.749,13.128,3.391,49.997,85.559,135.557,11.215,130.156,94.51,14.922,6.323,,,84.127,14.08,0.94,0.204,92.414,0.106,0.18,0.068,0.084,1.664,0.394,Daily Generation Report_2025.06.20.xlsx,1.562
20-06-2025 0500H,35.251,6.817,0.757,0.766,15.261,3.841,12.783,193.251,15.661,193.819,28.949,19.018,13.943,198.059,32.013,10.148,13.702,195.832,18.36,45.04,14.077,196.047,18.904,45.042,13.996,197.544,194.987,13.244,45.975,1.254,9.966,0.0,80.767,21.657,52.263,13.458,191.366,194.733,13.124,3.453,49.871,85.53,135.401,11.117,130.22,94.577,14.922,6.209,,,84.034,14.083,0.94,0.203,92.533,0.106,0.186,0.068,0.084,1.65,0.393,Daily Generation Report_2025.06.20.xlsx,1.577
20-06-2025 0600H,35.176,6.766,0.756,0.765,15.616,3.889,12.759,193.178,15.634,193.825,28.766,19.017,13.911,197.972,32.015,10.146,13.674,195.779,18.337,45.04,14.045,195.979,18.896,45.044,13.97,197.463,194.911,13.218,45.926,1.225,9.966,0.0,80.708,21.655,52.198,13.436,191.371,194.665,13.1,3.402,51.557,85.258,136.816,11.028,130.089,94.705,14.922,6.129,,,83.851,14.048,0.935,0.206,92.641,0.106,0.181,0.068,0.084,1.5,0.396,Daily Generation Report_2025.06.20.xlsx,1.584
20-06-2025 0700H,35.13,6.637,0.77,0.777,16.406,3.902,12.731,193.072,15.628,193.782,28.621,19.033,13.892,197.874,32.027,10.132,13.65,195.699,18.343,45.021,14.006,195.914,18.909,45.055,13.949,197.382,194.816,13.193,45.926,1.206,9.972,0.0,80.745,21.668,52.693,13.421,191.322,194.572,13.074,3.579,51.185,85.895,137.08,11.064,130.469,94.57,14.923,6.13,,,83.936,14.059,0.917,0.213,92.564,0.108,0.155,0.07,0.085,1.441,0.402,Daily Generation Report_2025.06.20.xlsx,1.568
20-06-2025 0800H,34.935,6.446,0.807,0.808,17.432,3.878,12.679,192.9,15.643,193.66,28.501,19.496,13.867,197.719,32.047,10.111,13.613,195.561,18.366,45.004,13.951,195.819,18.906,45.074,13.908,197.267,194.658,13.147,46.044,1.234,9.975,0.0,80.89,21.686,52.958,13.392,191.237,194.411,13.024,3.761,49.963,85.523,135.486,11.031,130.57,94.73,14.925,6.086,,,84.157,14.084,0.89,0.211,92.66,0.11,0.124,0.072,0.088,1.126,0.402,Daily Generation Report_2025.06.20.xlsx,1.557
20-06-2025 0900H,34.929,6.052,0.821,0.821,18.005,3.84,12.671,192.867,15.487,193.612,28.279,20.706,13.885,197.711,32.066,10.095,13.619,195.529,18.378,45.008,13.946,195.828,18.893,45.151,13.907,197.266,194.635,13.144,46.205,1.295,9.978,0.0,81.071,21.687,53.107,13.398,191.239,194.367,13.016,3.695,48.948,85.195,134.143,10.41,130.619,94.906,13.198,6.038,,,84.359,13.88,0.903,0.2,93.031,0.111,0.111,0.074,0.09,1.074,0.394,Daily Generation Report_2025.06.20.xlsx,1.609
20-06-2025 1000H,35.178,6.01,0.817,0.829,18.433,3.921,12.726,193.03,15.704,193.762,27.925,21.1,13.971,197.929,32.079,10.083,13.693,195.722,18.382,45.006,14.007,196.019,18.901,45.642,13.98,197.403,194.817,13.208,46.42,1.288,9.98,0.0,81.267,21.682,54.03,13.471,191.449,194.546,13.076,3.666,50.988,86.942,137.93,10.22,132.131,95.028,12.943,6.187,,,84.565,14.045,0.843,0.193,93.389,0.112,0.11,0.075,0.091,1.323,0.389,Daily Generation Report_2025.06.20.xlsx,1.661
20-06-2025 1100H,35.113,5.368,0.819,0.835,18.491,4.068,12.719,193.022,16.297,193.775,27.426,20.4,13.976,197.841,32.094,10.077,13.688,195.751,18.433,45.003,14.008,196.056,18.919,46.068,13.978,197.405,194.77,13.191,45.833,1.248,9.983,0.0,81.471,21.608,54.793,13.474,191.507,194.55,13.07,3.659,51.389,91.442,142.831,11.123,134.957,95.621,14.848,6.634,,,84.93,14.59,0.753,0.181,93.658,0.113,0.111,0.369,0.091,1.355,0.385,Daily Generation Report_2025.06.20.xlsx,1.707
20-06-2025 1200H,35.057,4.858,0.815,0.83,18.342,4.047,12.677,192.882,16.276,193.753,27.49,20.071,13.934,197.694,32.096,10.077,13.644,195.614,18.445,45.001,13.971,195.95,18.802,46.068,13.929,197.327,194.63,13.147,45.773,1.166,9.982,0.0,81.637,21.48,55.226,13.426,191.388,194.407,13.025,3.601,50.752,91.131,141.883,11.307,134.564,95.914,15.277,6.71,,,85.041,14.569,0.753,0.178,93.656,0.113,0.11,0.369,0.091,1.284,0.382,Daily Generation Report_2025.06.20.xlsx,1.705
20-06-2025 1300H,35.068,5.83,0.821,0.838,18.819,3.997,12.65,192.784,15.972,193.667,27.76,20.073,13.912,197.702,32.074,10.078,13.624,195.509,18.398,44.999,13.945,195.877,18.674,46.068,13.906,197.217,194.58,13.132,46.411,0.962,9.98,0.0,81.778,21.422,55.773,13.4,191.323,194.326,13.001,3.497,52.813,87.337,140.15,10.88,132.352,95.669,15.277,6.427,,,84.973,14.309,0.756,0.184,93.551,0.112,0.11,0.075,0.09,1.168,0.383,Daily Generation Report_2025.06.20.xlsx,1.662
20-06-2025 1400H,34.965,6.452,0.827,0.845,19.064,3.948,12.651,192.805,15.885,193.581,27.596,20.074,13.904,197.699,32.072,10.08,13.621,195.493,18.407,44.998,13.934,195.869,18.689,46.068,13.898,197.113,194.595,13.131,46.427,0.738,9.98,0.0,81.91,21.404,55.698,13.397,191.322,194.347,13.002,3.502,51.712,86.345,138.056,10.688,131.599,95.592,15.277,6.274,,,84.775,14.214,0.76,0.182,93.501,0.112,0.11,0.075,0.09,1.072,0.381,Daily Generation Report_2025.06.20.xlsx,1.669
20-06-2025 1500H,34.703,5.592,0.815,0.833,18.821,4.062,12.658,192.807,16.303,193.572,27.105,20.083,13.878,197.54,32.05,10.082,13.599,195.43,18.422,45.002,13.913,195.794,18.713,46.07,13.874,196.947,194.515,13.113,45.262,0.485,9.979,0.0,82.001,21.382,55.152,13.392,191.272,194.321,13.003,3.537,48.457,92.523,140.979,11.399,134.82,95.633,15.228,6.611,,,84.889,14.539,0.773,0.18,93.92,0.111,0.11,0.16,0.09,0.906,0.381,Daily Generation Report_2025.06.20.xlsx,1.762
20-06-2025 1600H,34.702,4.932,0.806,0.823,18.568,4.075,12.645,192.759,16.31,193.599,27.232,20.097,13.851,197.474,32.014,10.088,13.575,195.385,18.405,45.006,13.896,195.745,18.692,46.062,13.854,196.885,194.453,13.094,45.001,0.176,9.974,0.0,82.046,21.356,53.989,13.37,191.224,194.265,12.989,3.422,47.942,93.459,141.401,12.028,135.341,95.984,14.975,6.759,,,84.752,14.543,0.791,0.183,94.005,0.11,0.112,0.159,0.088,0.806,0.382,Daily Generation Report_2025.06.20.xlsx,1.766
20-06-2025 1700H,34.694,6.348,0.804,0.818,18.475,3.991,12.613,192.661,15.968,193.604,27.188,20.107,13.807,197.428,32.023,10.092,13.541,195.317,18.371,45.006,13.867,195.667,18.664,46.047,13.825,196.8,194.38,13.067,45.392,0.024,9.972,0.0,82.062,21.336,53.247,13.333,191.148,194.178,12.959,3.304,48.752,89.725,138.477,11.915,132.938,95.998,14.77,6.488,,,84.517,14.258,0.801,0.185,93.712,0.109,0.118,0.071,0.087,0.869,0.382,Daily Generation Report_2025.06.20.xlsx,1.708
20-06-2025 1800H,34.69,7.077,0.802,0.813,18.389,4.067,12.62,192.691,16.231,193.479,27.188,20.662,13.806,197.428,32.03,10.093,13.541,195.348,18.398,45.005,13.871,195.67,18.682,46.043,13.83,196.815,194.391,13.068,45.164,0.022,9.974,0.0,82.06,21.33,53.269,13.335,191.128,194.198,12.966,3.288,48.872,92.223,141.095,12.221,134.442,95.955,14.769,6.661,,,84.726,14.47,0.805,0.188,93.877,0.108,0.122,0.73,0.087,0.96,0.381,Daily Generation Report_2025.06.20.xlsx,1.759
20-06-2025 1900H,34.954,6.636,0.8,0.811,17.821,3.98,12.652,192.797,16.173,193.524,27.683,21.626,13.851,197.605,32.031,10.094,13.581,195.457,18.377,45.002,13.909,195.749,18.672,46.043,13.867,196.943,194.532,13.111,45.724,0.025,9.97,0.0,82.055,21.321,53.179,13.364,191.184,194.305,12.998,3.509,49.271,89.849,139.12,12.055,133.204,96.398,14.768,6.574,,,84.21,14.42,0.803,0.189,93.622,0.108,0.126,0.73,0.086,0.966,0.379,Daily Generation Report_2025.06.20.xlsx,1.751
20-06-2025 2000H,34.534,5.932,0.808,0.822,16.919,4.021,12.572,192.53,16.089,193.517,27.009,22.041,13.746,197.282,32.04,10.098,13.487,195.17,18.354,44.998,13.824,195.488,18.642,46.046,13.779,196.633,194.232,13.019,45.351,0.027,9.968,0.0,82.016,21.312,53.181,13.286,190.927,194.037,12.919,3.545,48.476,90.396,138.872,11.969,133.037,95.827,14.767,6.449,,,83.932,14.325,0.805,0.189,93.727,0.108,0.134,1.055,0.086,0.862,0.378,Daily Generation Report_2025.06.20.xlsx,1.763
20-06-2025 2100H,34.343,4.753,0.855,0.867,16.994,4.15,12.49,192.247,16.285,193.325,27.012,22.045,13.669,197.019,32.051,10.103,13.408,194.924,18.38,44.994,13.753,195.248,18.661,46.047,13.707,196.39,193.939,12.932,45.39,0.028,9.973,0.0,81.929,21.302,53.257,13.208,190.622,193.753,12.84,3.3,49.523,92.992,142.515,12.365,134.723,96.112,14.766,6.709,,,84.035,14.468,0.812,0.188,94.313,0.107,0.141,1.055,0.085,0.825,0.376,Daily Generation Report_2025.06.20.xlsx,1.815
20-06-2025 2200H,34.393,5.397,0.881,0.89,17.348,4.118,12.49,192.247,16.114,193.175,27.158,22.043,13.671,197.065,32.059,10.106,13.41,194.918,18.309,44.994,13.749,195.196,18.639,46.046,13.707,196.431,193.965,12.938,45.74,0.03,9.973,0.0,81.828,21.288,53.264,13.208,190.583,193.758,12.841,3.24,50.77,90.851,141.62,11.524,133.399,96.481,15.549,6.627,,,83.987,14.316,0.814,0.188,94.332,0.107,0.144,0.069,0.085,0.825,0.375,Daily Generation Report_2025.06.20.xlsx,1.797
20-06-2025 2300H,34.42,6.213,0.85,0.857,17.33,4.15,12.496,192.27,16.028,193.221,27.088,22.041,13.672,197.029,32.067,10.107,13.407,194.902,18.298,44.994,13.742,195.175,18.593,46.049,13.703,196.412,193.95,12.936,45.181,0.033,9.97,0.0,81.739,21.28,53.271,13.213,190.574,193.772,12.845,3.233,49.376,93.469,142.845,10.928,134.82,96.736,16.528,6.78,,,83.594,14.175,0.813,0.19,94.164,0.107,0.141,0.07,0.085,0.817,0.377,Daily Generation Report_2025.06.20.xlsx,1.852
21-06-2025 0000H,34.973,5.442,0.78,0.795,16.758,4.094,12.495,192.264,16.146,193.315,27.409,22.037,13.677,197.139,32.088,10.107,13.414,194.948,18.346,44.992,13.752,195.237,18.587,46.049,13.709,196.446,194.006,12.947,45.904,0.037,9.969,0.0,81.654,21.276,53.272,13.215,190.548,193.778,12.846,3.201,49.715,93.449,143.164,10.909,135.773,96.487,16.723,6.862,,,84.098,14.229,0.807,0.193,97.122,0.108,0.14,0.07,0.085,0.806,0.379,Daily Generation Report_2025.06.20.xlsx,1.914
21-06-2025 0100H,34.41,5.452,0.843,0.847,16.837,4.168,12.585,192.569,16.023,193.326,27.054,22.04,13.749,197.276,32.1,10.107,13.489,195.138,18.336,44.993,13.826,195.387,18.615,46.001,13.781,196.639,194.245,13.024,44.926,0.048,9.97,0.0,81.54,21.282,53.168,13.293,190.771,194.076,12.93,3.509,49.903,93.508,143.411,10.563,134.501,95.684,16.723,6.573,,,83.13,14.134,0.816,0.189,93.416,0.107,0.148,0.069,0.085,0.966,0.373,Daily Generation Report_2025.06.21.xlsx,1.888
21-06-2025 0200H,34.429,5.554,0.807,0.813,16.265,4.154,12.626,192.716,16.01,193.456,27.089,22.042,13.778,197.38,32.105,10.11,13.52,195.225,18.33,44.993,13.854,195.465,18.61,45.503,13.806,196.78,194.374,13.061,44.683,0.048,9.967,0.0,81.416,21.279,53.025,13.328,190.891,194.213,12.969,3.621,49.367,93.665,143.032,10.537,134.335,96.275,16.723,6.551,,,82.876,14.099,0.822,0.191,93.57,0.107,0.156,0.069,0.084,0.93,0.372,Daily Generation Report_2025.06.21.xlsx,1.91
21-06-2025 0300H,34.507,5.452,0.775,0.79,16.028,4.131,12.601,192.622,15.975,193.481,27.093,22.041,13.753,197.296,32.115,10.11,13.494,195.111,18.335,44.992,13.825,195.375,18.624,45.054,13.778,196.672,194.277,13.034,44.592,0.045,9.969,0.0,81.318,21.283,53.093,13.306,190.828,194.113,12.944,3.606,49.26,93.293,142.553,10.44,133.797,95.541,16.723,6.477,,,83.133,14.074,0.818,0.194,93.753,0.107,0.154,0.502,0.084,0.883,0.372,Daily Generation Report_2025.06.21.xlsx,1.9
21-06-2025 0400H,34.481,6.324,0.823,0.829,16.309,4.201,12.538,192.41,16.104,193.329,27.062,22.382,13.719,197.176,32.108,10.61,13.453,194.975,18.354,45.338,13.794,195.296,18.705,45.383,13.746,196.532,194.093,12.979,45.038,0.045,9.971,0.0,81.234,21.286,53.943,13.25,190.645,193.911,12.885,3.446,50.065,94.777,144.842,10.748,135.535,96.061,16.723,6.691,,,83.321,14.154,0.816,0.192,94.055,0.107,0.152,0.502,0.084,0.861,0.372,Daily Generation Report_2025.06.21.xlsx,1.948
21-06-2025 0500H,34.712,6.107,0.839,0.84,16.211,4.185,12.67,192.843,16.167,193.522,26.929,23.25,13.87,197.655,32.1,11.542,13.598,195.425,18.291,45.855,13.935,195.691,18.73,45.873,13.888,196.933,194.544,13.119,45.338,0.041,9.969,0.0,81.118,21.275,54.563,13.371,190.952,194.341,13.015,3.555,50.398,94.877,145.274,10.884,135.849,96.514,16.723,6.812,,,83.552,14.184,0.824,0.19,94.458,0.106,0.158,0.604,0.084,1.221,0.372,Daily Generation Report_2025.06.21.xlsx,1.981
21-06-2025 0600H,35.017,5.036,0.797,0.801,15.947,4.117,12.786,193.263,16.156,193.897,26.644,24.025,13.985,198.058,32.104,11.782,13.709,195.813,18.17,46.025,14.031,195.988,18.653,46.038,13.992,197.221,194.957,13.236,45.167,0.039,9.97,0.0,81.003,21.279,53.601,13.481,191.336,194.748,13.127,3.534,49.674,94.501,144.174,10.817,135.362,96.365,16.723,6.769,,,83.26,14.157,0.822,0.195,93.757,0.106,0.158,0.604,0.084,1.51,0.373,Daily Generation Report_2025.06.21.xlsx,1.997
21-06-2025 0700H,34.981,6.081,0.797,0.797,16.85,4.147,12.742,193.13,16.295,193.987,26.563,24.182,13.955,197.962,32.109,10.85,13.672,195.748,18.173,46.03,13.978,195.927,18.626,46.045,13.959,197.116,194.835,13.194,45.214,0.048,9.971,0.0,80.99,21.313,53.481,13.45,191.339,194.62,13.085,3.453,49.362,95.7,145.063,11.021,136.915,96.68,16.724,6.915,,,82.579,14.251,0.795,0.201,93.742,0.108,0.138,0.564,0.086,1.175,0.379,Daily Generation Report_2025.06.21.xlsx,2.042
21-06-2025 0800H,34.428,7.536,0.853,0.871,18.806,4.239,12.649,192.789,16.487,193.835,26.033,23.993,13.872,197.594,32.13,10.303,13.584,195.445,18.209,46.036,13.874,195.696,18.658,46.061,13.874,196.819,194.475,13.095,44.864,0.063,9.976,0.0,81.111,21.347,54.763,13.375,191.106,194.278,12.992,3.489,48.561,97.362,145.923,11.593,137.793,96.09,16.158,7.002,,,83.338,14.431,0.751,0.205,94.624,0.111,0.116,1.246,0.089,0.822,0.384,Daily Generation Report_2025.06.21.xlsx,2.054
21-06-2025 0900H,34.672,7.608,0.891,0.923,19.977,4.195,12.663,192.835,16.63,193.7,26.398,25.197,13.951,197.802,32.147,11.25,13.635,195.564,18.23,46.037,13.925,195.802,18.687,46.074,13.914,196.966,194.578,13.132,45.858,0.079,9.978,0.0,81.353,21.362,54.876,13.402,191.232,194.327,13.009,3.472,52.034,93.427,145.461,12.138,135.71,96.463,15.183,6.844,,,83.424,14.628,0.701,0.179,93.99,0.113,0.111,2.269,0.092,0.986,0.378,Daily Generation Report_2025.06.21.xlsx,2.0
21-06-2025 1000H,34.765,6.715,0.867,0.891,19.878,4.319,12.698,192.949,16.862,193.786,26.219,26.12,14.017,197.968,32.151,12.0,13.681,195.701,18.241,46.036,13.978,195.931,18.662,46.073,13.95,197.095,194.688,13.166,45.761,0.069,9.979,0.0,81.596,21.355,54.689,13.435,191.392,194.436,13.04,3.463,54.541,95.598,150.138,12.587,136.862,96.806,14.913,6.956,,,83.413,14.797,0.803,0.158,94.311,0.113,0.111,3.862,0.092,1.179,0.369,Daily Generation Report_2025.06.21.xlsx,2.064
21-06-2025 1100H,33.87,5.391,0.864,0.896,20.026,4.565,12.604,192.629,16.949,193.784,24.656,24.735,13.828,197.341,32.155,12.05,13.529,195.249,18.246,46.037,13.837,195.567,18.632,46.075,13.806,196.639,194.223,13.023,43.599,0.046,9.981,0.0,81.705,21.337,55.049,13.331,191.086,194.087,12.938,3.313,49.11,105.52,154.631,12.417,140.68,96.629,15.874,7.436,,,83.41,14.801,0.967,0.178,94.563,0.112,0.11,5.084,0.09,0.917,0.366,Daily Generation Report_2025.06.21.xlsx,2.146
21-06-2025 1200H,34.083,4.945,0.917,0.963,20.584,4.821,12.607,192.639,17.082,193.734,24.099,25.392,13.853,197.394,32.452,15.159,13.588,195.371,18.242,46.038,13.871,195.679,18.676,46.075,13.843,196.758,194.213,13.022,43.395,0.046,9.981,0.0,81.766,21.33,54.957,13.332,191.022,194.094,12.942,3.284,46.505,117.822,164.327,12.11,149.041,96.265,19.695,8.555,,,82.871,14.714,0.985,0.193,94.37,0.112,0.11,5.969,0.09,0.988,0.368,Daily Generation Report_2025.06.21.xlsx,2.367
21-06-2025 1300H,35.113,6.276,0.959,1.006,20.661,5.04,12.777,193.19,17.156,194.189,25.136,27.561,14.155,198.35,32.325,17.739,13.864,196.144,18.157,46.037,14.103,196.331,18.625,46.074,14.088,197.487,194.882,13.231,44.908,0.048,9.977,0.0,81.818,21.327,53.88,13.497,191.439,194.681,13.115,3.537,52.794,124.191,176.985,11.925,155.08,96.861,23.642,9.499,,,83.686,14.577,0.955,0.171,95.621,0.113,0.11,4.511,0.09,1.547,0.368,Daily Generation Report_2025.06.21.xlsx,2.577
21-06-2025 1400H,35.142,6.984,0.953,0.996,20.375,4.982,12.759,193.15,16.825,194.29,25.947,28.711,14.152,198.412,31.828,16.624,13.813,195.899,18.353,42.855,14.023,196.036,18.587,44.553,14.015,197.328,194.841,13.21,44.841,0.046,9.976,0.0,81.812,21.333,53.423,13.477,191.409,194.644,13.096,3.509,54.27,120.814,175.084,11.453,151.737,97.952,24.591,9.428,,,79.774,14.349,0.962,0.151,95.258,0.112,0.11,1.359,0.09,1.433,0.365,Daily Generation Report_2025.06.21.xlsx,2.475
21-06-2025 1500H,34.9,5.727,0.927,0.97,19.931,4.846,12.586,192.579,16.64,193.854,26.155,30.206,14.002,197.973,31.749,17.867,13.623,195.241,18.328,39.74,13.812,195.249,18.777,43.541,13.818,196.738,194.232,13.021,44.586,0.046,9.975,0.0,81.765,21.328,54.991,13.314,190.947,194.072,12.928,3.276,49.107,120.031,169.138,11.235,150.555,96.869,24.591,9.245,,,75.016,14.177,0.996,0.164,94.826,0.111,0.11,0.08,0.089,0.899,0.362,Daily Generation Report_2025.06.21.xlsx,2.461
21-06-2025 1600H,35.328,4.454,0.926,0.97,19.44,4.933,12.612,192.619,17.045,193.825,25.916,31.531,14.079,198.217,31.613,19.75,13.696,195.443,18.731,40.405,13.91,195.514,19.047,44.056,13.914,197.036,194.287,13.052,44.816,0.043,9.972,0.0,81.654,21.29,56.116,13.334,190.907,194.131,12.955,3.305,49.194,125.073,174.267,11.919,154.745,97.171,24.59,9.818,,,79.203,14.43,1.018,0.178,95.271,0.11,0.116,5.108,0.088,0.918,0.362,Daily Generation Report_2025.06.21.xlsx,2.614
21-06-2025 1700H,35.848,4.479,0.931,0.969,18.733,4.928,12.867,193.522,17.298,194.426,26.182,31.812,14.366,199.206,31.392,19.653,13.992,196.417,19.55,41.006,14.223,196.615,19.062,44.058,14.205,198.071,195.252,13.33,45.605,0.037,9.97,0.0,81.481,21.259,53.218,13.563,191.583,195.072,13.207,3.961,53.152,123.503,176.655,12.266,156.09,97.852,25.162,10.222,,,83.14,14.638,1.033,0.186,95.331,0.108,0.128,5.516,1.986,2.924,0.364,Daily Generation Report_2025.06.21.xlsx,2.658
21-06-2025 1800H,35.989,4.591,0.92,0.954,18.167,4.899,13.032,194.12,17.263,194.826,26.725,30.859,14.525,199.772,31.112,18.773,14.148,197.024,19.257,41.013,14.355,197.016,19.039,43.196,14.337,198.56,195.854,13.499,45.598,0.033,9.971,0.0,81.3,21.287,49.338,13.713,192.072,195.696,13.368,4.452,54.594,121.72,176.315,12.204,156.058,97.433,26.145,10.319,,,82.651,14.598,1.043,0.188,95.129,0.107,0.139,0.478,1.986,3.572,0.366,Daily Generation Report_2025.06.21.xlsx,2.664
21-06-2025 1900H,35.628,3.673,0.914,0.948,18.224,4.7,12.882,193.591,16.789,194.745,26.96,29.879,14.368,199.3,30.906,17.991,13.987,196.566,18.989,41.014,14.191,196.505,19.17,42.206,14.177,197.999,195.303,13.337,45.255,0.032,9.971,0.0,81.127,21.331,50.004,13.575,191.675,195.156,13.222,4.025,54.381,113.064,167.445,11.264,149.145,97.222,26.555,9.599,,,81.968,14.345,1.05,0.189,94.335,0.827,0.142,0.07,8.455,1.802,0.367,Daily Generation Report_2025.06.21.xlsx,2.442
21-06-2025 2000H,35.305,3.087,0.919,0.951,18.363,4.324,12.705,192.978,16.384,194.355,27.253,28.877,14.237,198.897,30.91,17.99,13.86,196.123,19.651,41.18,14.096,196.302,19.422,42.078,14.066,197.574,194.76,13.178,46.479,0.038,9.969,0.0,80.952,21.334,51.883,13.416,191.158,194.539,13.056,3.576,53.552,99.098,152.65,10.321,141.037,96.343,24.23,8.428,,,81.588,14.198,1.053,0.192,94.199,2.43,0.141,0.07,21.841,1.467,0.367,Daily Generation Report_2025.06.21.xlsx,2.184
21-06-2025 2100H,35.442,2.808,0.925,0.955,18.609,4.206,12.697,192.956,16.415,194.201,27.543,28.677,14.253,198.946,30.926,18.227,13.879,196.163,19.737,41.643,14.129,196.404,19.516,42.079,14.087,197.723,194.797,13.189,47.35,0.039,9.966,0.0,80.788,21.299,50.156,13.411,191.114,194.522,13.051,3.554,53.5,95.571,149.071,10.826,139.346,95.973,20.466,8.062,,,81.527,14.294,1.046,0.195,94.139,1.71,0.137,0.07,25.739,1.752,0.366,Daily Generation Report_2025.06.21.xlsx,2.122
21-06-2025 2200H,35.334,3.318,0.906,0.939,18.597,4.108,12.635,192.751,16.183,194.37,27.836,29.621,14.193,198.76,30.956,17.539,13.803,195.884,19.318,41.707,14.053,196.101,19.469,41.835,14.01,197.518,194.587,13.124,47.359,0.037,9.969,0.0,80.633,21.283,48.281,13.349,190.949,194.303,12.989,3.396,53.968,91.184,145.152,10.74,134.676,96.178,18.391,7.517,,,80.865,14.216,1.043,0.19,93.657,0.879,0.136,0.07,28.002,1.32,0.364,Daily Generation Report_2025.06.21.xlsx,1.967
21-06-2025 2300H,34.919,4.328,0.873,0.915,18.346,3.948,12.543,192.429,15.906,194.316,27.994,29.986,14.089,198.436,31.13,15.803,13.685,195.444,19.293,41.218,13.938,195.689,19.494,41.319,13.894,197.108,194.244,13.022,47.194,0.031,9.974,0.0,80.464,21.287,48.268,13.261,190.65,193.963,12.899,3.187,53.536,84.338,137.874,10.558,129.187,95.747,16.503,6.673,,,80.688,14.099,1.051,0.19,93.287,2.148,0.137,0.07,32.022,0.833,0.361,Daily Generation Report_2025.06.21.xlsx,1.805
22-06-2025 0000H,33.785,4.547,0.867,0.9,18.225,3.99,12.526,192.379,15.928,194.034,28.41,29.989,14.079,198.398,31.298,14.991,13.661,195.37,19.273,40.967,13.918,195.509,19.509,41.053,13.869,196.845,194.188,13.007,47.366,0.021,9.971,0.0,80.277,21.271,48.275,13.246,190.593,193.908,12.882,3.116,52.548,82.245,134.793,11.447,130.316,98.112,14.926,6.45,,,79.347,14.18,2.487,1.798,93.59,2.939,0.138,1.495,31.537,2.172,1.722,Daily Generation Report_2025.06.21.xlsx,1.748
01-08-2025 0100H,34.804,5.715,0.878,0.907,17.588,2.548,12.485,192.249,17.452,193.481,21.82,44.015,14.251,199.136,31.046,19.758,13.751,195.949,19.803,40.004,14.056,196.029,20.476,40.053,13.964,196.664,194.375,13.056,51.584,0.0,9.97,0.0,85.867,19.384,65.81,13.234,190.599,193.889,12.875,3.054,61.08,27.602,88.682,14.313,143.407,121.122,99.964,14.291,17.452,193.481,118.53,14.452,24.958,0.794,90.359,4.087,0.201,9.232,0.085,0.402,0.368,Daily Generation Report_2025.08.01.xlsx,2.998
01-08-2025 0200H,34.701,4.994,0.894,0.917,17.627,2.555,12.485,192.246,17.448,193.47,21.827,44.014,14.249,199.128,31.048,19.758,13.747,195.93,19.707,40.003,14.046,195.981,20.489,40.053,13.962,196.639,194.372,13.056,51.466,0.0,9.97,0.0,85.796,19.388,65.806,13.235,190.569,193.889,12.876,3.077,61.033,27.641,88.674,14.315,143.231,121.187,99.964,14.293,17.448,193.47,118.547,14.448,24.947,0.788,90.336,3.99,0.2,9.016,0.085,0.396,0.37,Daily Generation Report_2025.08.01.xlsx,2.999
01-08-2025 0300H,34.635,4.76,0.911,0.928,17.764,2.559,12.487,192.25,17.451,193.454,21.734,44.51,14.267,199.172,31.05,19.758,13.755,195.93,19.679,40.002,14.05,195.96,20.494,40.066,13.97,196.64,194.384,13.06,51.514,0.0,9.973,0.0,85.699,19.392,66.432,13.238,190.534,193.897,12.878,3.077,61.126,27.522,88.648,14.319,143.163,121.286,99.964,14.297,17.451,193.454,118.757,14.451,24.982,0.786,90.548,4.231,0.2,9.076,0.085,0.39,0.372,Daily Generation Report_2025.08.01.xlsx,2.998
01-08-2025 0400H,34.923,6.721,0.921,0.936,17.897,2.531,12.488,192.254,17.48,193.477,21.535,45.173,14.317,199.327,31.053,19.758,13.794,196.034,19.759,40.001,14.093,196.103,20.494,41.071,14.025,196.778,194.436,13.076,52.235,0.0,9.974,0.0,85.571,19.39,68.879,13.244,190.533,193.915,12.883,3.061,61.817,26.59,88.407,14.346,143.13,121.395,99.963,14.324,17.48,193.477,118.692,14.48,25.025,0.785,90.466,5.313,0.199,9.711,0.085,0.389,0.371,Daily Generation Report_2025.08.01.xlsx,2.998
01-08-2025 0500H,35.29,8.369,0.93,0.945,18.113,2.5,12.49,192.26,17.506,193.531,21.441,45.181,14.352,199.436,31.059,19.757,13.825,196.127,19.776,40.001,14.126,196.205,20.546,42.069,14.079,197.052,194.496,13.094,52.989,0.0,9.974,0.0,85.435,19.384,70.702,13.25,190.55,193.935,12.889,3.062,62.551,25.68,88.232,14.37,143.129,121.369,99.963,14.348,17.506,193.531,118.791,14.507,25.178,0.785,90.428,5.492,0.196,9.993,0.085,0.388,0.37,Daily Generation Report_2025.08.01.xlsx,2.998
01-08-2025 0600H,35.345,7.536,0.914,0.942,18.25,2.497,12.49,192.266,17.492,193.558,21.442,45.027,14.332,199.38,31.062,19.754,13.807,196.09,19.699,40.003,14.096,196.103,20.37,41.408,14.052,197.181,194.492,13.091,52.888,0.0,9.974,0.0,85.323,19.385,69.106,13.25,190.587,193.931,12.888,3.061,62.275,25.965,88.24,14.366,143.009,121.466,99.964,14.344,17.492,193.558,118.677,14.492,25.102,0.789,90.353,4.251,0.192,9.747,0.086,0.385,0.373,Daily Generation Report_2025.08.01.xlsx,2.998
01-08-2025 0700H,34.954,5.595,0.914,0.946,18.522,2.519,12.489,192.266,17.455,193.529,21.415,45.046,14.296,199.283,31.063,19.743,13.774,196.034,19.718,40.008,14.049,196.03,20.015,40.401,14.003,197.011,194.443,13.074,52.228,0.0,9.973,0.0,85.247,19.403,68.952,13.249,190.625,193.91,12.883,3.063,61.417,26.637,88.054,14.335,142.967,121.355,99.966,14.313,17.455,193.529,118.738,14.456,24.987,0.799,90.554,4.198,0.181,9.195,0.088,0.361,0.378,Daily Generation Report_2025.08.01.xlsx,2.998
01-08-2025 0800H,34.735,5.343,0.93,0.967,19.29,2.528,12.489,192.268,17.45,193.513,21.282,45.741,14.318,199.322,31.066,19.733,13.786,196.093,19.841,40.013,14.052,196.144,20.011,40.065,14.009,196.897,194.443,13.077,52.199,0.0,9.975,0.0,85.253,19.422,70.541,13.262,190.68,193.908,12.883,3.058,61.288,26.509,87.798,14.339,143.13,121.447,99.971,14.319,17.45,193.513,119.007,14.451,24.946,0.799,90.97,4.969,0.152,9.15,0.091,0.306,0.37,Daily Generation Report_2025.08.01.xlsx,2.998
01-08-2025 0900H,34.84,6.622,0.939,0.992,20.039,2.517,12.492,192.271,17.47,193.555,21.077,46.781,14.369,199.425,31.076,19.737,13.818,196.195,19.827,40.012,14.075,196.257,20.226,40.072,14.038,196.968,194.481,13.093,52.606,0.0,9.976,0.0,85.319,19.429,70.715,13.279,190.745,193.92,12.887,3.052,61.68,26.022,87.703,14.372,143.37,121.738,99.977,14.354,17.47,193.555,119.36,14.47,24.956,0.794,91.476,5.017,0.127,9.474,0.093,0.256,0.355,Daily Generation Report_2025.08.01.xlsx,2.998
01-08-2025 1000H,34.788,7.446,0.948,1.006,20.34,2.518,12.493,192.27,17.474,193.587,21.012,47.139,14.402,199.429,31.101,19.746,13.831,196.202,19.695,40.007,14.08,196.244,20.313,40.079,14.04,197.023,194.483,13.098,52.637,0.0,9.98,0.0,85.391,19.429,70.718,13.288,190.771,193.919,12.887,3.073,61.594,26.014,87.607,14.391,143.369,122.003,99.98,14.374,17.474,193.587,119.71,14.474,24.93,0.778,92.102,4.764,0.119,9.497,0.094,0.231,0.346,Daily Generation Report_2025.08.01.xlsx,2.998
01-08-2025 1100H,34.788,6.405,0.937,0.997,20.187,2.526,12.492,192.258,17.469,193.574,21.014,47.136,14.405,199.406,31.11,19.753,13.83,196.181,19.72,40.005,14.086,196.236,20.292,40.075,14.034,197.03,194.462,13.093,52.609,0.0,9.983,0.0,85.419,19.418,70.708,13.284,190.748,193.905,12.885,3.082,61.641,26.229,87.87,14.391,143.199,122.201,99.978,14.374,17.469,193.574,119.538,14.469,24.807,0.746,92.097,5.085,0.122,9.641,0.093,0.257,0.336,Daily Generation Report_2025.08.01.xlsx,2.998
01-08-2025 1200H,35.201,6.02,0.907,0.948,19.958,2.508,12.492,192.253,17.469,193.569,20.953,47.135,14.389,199.421,31.103,19.755,13.829,196.202,19.914,40.007,14.087,196.345,20.25,40.072,14.038,197.048,194.466,13.093,52.83,0.0,9.981,0.0,85.451,19.418,70.716,13.287,190.778,193.902,12.887,3.037,62.062,26.238,88.299,14.381,143.468,121.954,99.976,14.363,17.469,193.569,118.903,14.469,24.836,0.734,91.22,5.126,0.122,9.754,0.091,0.294,0.33,Daily Generation Report_2025.08.01.xlsx,2.999
01-08-2025 1300H,35.467,7.268,0.89,0.912,19.911,2.489,12.493,192.255,17.461,193.588,20.962,47.141,14.401,199.413,31.12,19.754,13.84,196.2,19.922,40.007,14.087,196.432,20.263,40.084,14.038,196.99,194.47,13.097,52.901,0.002,9.983,0.22,85.575,19.435,70.704,13.304,190.864,193.902,12.888,3.008,62.033,26.232,88.265,14.359,143.993,121.343,99.982,14.342,17.461,193.588,118.551,14.462,25.07,0.747,90.526,4.708,0.117,9.46,0.092,0.295,0.33,Daily Generation Report_2025.08.01.xlsx,2.998
01-08-2025 1400H,35.322,7.387,0.891,0.914,20.216,2.499,12.493,192.254,17.448,193.6,21.029,47.146,14.423,199.37,31.145,19.757,13.848,196.161,19.716,40.003,14.092,196.371,20.315,40.106,14.028,196.89,194.448,13.096,52.671,0.006,9.988,1.295,85.783,19.443,70.704,13.315,190.925,193.894,12.886,3.04,61.745,26.513,88.258,14.344,144.214,121.061,99.074,14.328,17.448,193.6,118.667,14.448,25.151,0.754,90.53,4.566,0.116,9.235,0.093,0.278,0.332,Daily Generation Report_2025.08.01.xlsx,2.998
01-08-2025 1500H,35.016,6.826,0.909,0.94,20.132,2.523,12.494,192.252,17.441,193.594,21.04,47.14,14.423,199.348,31.146,19.761,13.842,196.163,19.716,40.0,14.103,196.335,20.333,40.104,14.023,196.865,194.43,13.091,52.466,0.004,9.987,2.157,85.999,19.429,70.698,13.308,190.936,193.888,12.883,3.077,61.612,26.718,88.33,14.347,143.951,121.171,99.071,14.331,17.441,193.594,118.927,14.441,25.052,0.751,90.915,5.031,0.116,9.168,0.093,0.274,0.332,Daily Generation Report_2025.08.01.xlsx,2.998
01-08-2025 1600H,35.209,5.821,0.896,0.929,19.255,2.508,12.524,192.36,17.476,193.636,20.986,47.131,14.424,199.463,31.12,19.769,13.862,196.291,19.953,39.998,14.146,196.501,20.32,40.077,14.055,196.966,194.549,13.121,52.552,0.001,9.976,2.111,86.118,19.397,70.701,13.312,190.966,193.996,12.914,3.06,61.691,26.608,88.299,14.376,143.781,121.488,99.979,14.358,17.476,193.636,118.794,14.476,25.039,0.736,90.813,5.227,0.126,9.189,0.091,0.313,0.33,Daily Generation Report_2025.08.01.xlsx,2.998
01-08-2025 1700H,35.732,6.116,0.844,0.867,18.607,2.46,12.535,192.407,17.488,193.692,20.963,46.881,14.401,199.49,31.103,19.774,13.859,196.328,19.942,39.999,14.149,196.541,20.287,40.063,14.059,196.988,194.606,13.133,52.632,0.0,9.971,2.053,86.176,19.388,70.712,13.307,190.985,194.045,12.927,3.066,61.219,26.681,87.9,14.372,144.08,121.303,99.974,14.354,17.488,193.692,118.326,14.488,25.111,0.729,90.101,4.622,0.137,9.0,0.089,0.359,0.334,Daily Generation Report_2025.08.01.xlsx,2.998
01-08-2025 1800H,35.626,7.069,0.813,0.833,18.267,2.467,12.502,192.295,17.435,193.642,21.143,45.855,14.32,199.281,31.098,19.776,13.794,196.153,19.651,39.998,14.078,196.299,20.279,40.06,14.0,196.82,194.457,13.085,52.174,0.0,9.971,2.041,86.251,19.386,70.709,13.266,190.92,193.932,12.893,3.096,60.625,27.264,87.889,14.313,144.163,120.898,99.974,14.293,17.435,193.642,118.174,14.435,25.035,0.739,89.886,4.492,0.143,8.646,0.087,0.381,0.339,Daily Generation Report_2025.08.01.xlsx,2.998
01-08-2025 1900H,35.425,6.986,0.804,0.823,18.097,2.488,12.486,192.246,17.405,193.559,21.301,45.076,14.273,199.172,31.093,19.778,13.762,196.058,19.622,39.996,14.047,196.191,20.312,40.059,13.977,196.763,194.378,13.06,51.831,0.0,9.973,2.038,86.363,19.372,70.707,13.243,190.879,193.877,12.876,3.048,60.557,27.572,88.129,14.286,144.07,120.924,99.973,14.265,17.405,193.559,118.171,14.405,24.908,0.737,89.928,5.015,0.151,8.28,0.087,0.389,0.34,Daily Generation Report_2025.08.01.xlsx,2.998
01-08-2025 2000H,35.553,7.11,0.804,0.821,17.743,2.472,12.486,192.249,17.413,193.529,21.316,45.078,14.283,199.216,31.092,19.778,13.774,196.094,19.891,39.995,14.073,196.301,20.319,40.064,13.99,196.813,194.401,13.065,52.083,0.0,9.971,2.039,86.482,19.364,70.7,13.239,190.829,193.886,12.877,3.019,60.714,27.176,87.89,14.293,144.05,120.882,99.969,14.272,17.413,193.529,118.196,14.413,24.94,0.736,89.847,5.267,0.162,8.223,0.087,0.397,0.34,Daily Generation Report_2025.08.01.xlsx,2.998
01-08-2025 2100H,35.622,6.961,0.804,0.824,17.309,2.458,12.486,192.253,17.419,193.508,21.316,45.08,14.283,199.228,31.091,19.781,13.775,196.078,19.904,39.994,14.075,196.309,20.292,40.065,13.99,196.805,194.417,13.068,52.237,0.0,9.969,2.026,86.558,19.365,70.712,13.237,190.759,193.893,12.879,3.023,60.608,26.938,87.546,14.299,143.851,120.907,99.966,14.277,17.419,193.508,118.363,14.419,24.954,0.734,89.996,4.883,0.181,8.384,0.086,0.407,0.339,Daily Generation Report_2025.08.01.xlsx,2.998
01-08-2025 2200H,35.582,6.124,0.795,0.815,17.177,2.46,12.485,192.251,17.408,193.497,21.32,45.08,14.272,199.193,31.09,19.784,13.761,196.023,19.617,39.994,14.051,196.157,20.294,40.061,13.976,196.722,194.398,13.063,52.022,0.0,9.969,2.018,86.608,19.365,70.726,13.233,190.764,193.888,12.877,3.029,60.319,27.218,87.538,14.293,143.591,121.028,99.963,14.271,17.408,193.497,118.289,14.408,24.868,0.731,89.979,4.574,0.188,8.115,0.085,0.409,0.34,Daily Generation Report_2025.08.01.xlsx,2.998
01-08-2025 2300H,35.542,5.452,0.786,0.801,16.811,2.472,12.485,192.251,17.398,193.508,21.319,45.077,14.265,199.18,31.09,19.782,13.756,196.012,19.573,39.994,14.05,196.098,20.307,40.057,13.972,196.697,194.382,13.058,51.85,0.0,9.968,2.021,86.655,19.36,70.722,13.228,190.78,193.884,12.876,3.044,60.435,27.411,87.846,14.285,143.544,121.016,99.962,14.263,17.398,193.508,118.262,14.398,24.87,0.725,89.945,5.032,0.189,7.866,0.085,0.408,0.34,Daily Generation Report_2025.08.01.xlsx,2.999
02-08-2025 0000H,35.628,5.029,0.77,0.782,16.164,2.369,12.457,192.151,17.36,193.506,21.479,45.073,14.266,199.131,31.092,19.779,13.751,195.999,19.927,39.994,14.063,196.186,20.294,40.055,13.969,196.703,194.28,13.033,51.81,0.0,9.969,2.029,86.706,19.351,70.735,13.197,190.708,193.78,12.847,3.052,56.524,27.868,84.393,14.255,143.056,121.01,99.962,14.233,17.36,193.506,118.26,14.359,24.859,0.713,89.929,6.979,0.193,8.231,0.085,0.418,0.339,Daily Generation Report_2025.08.01.xlsx,2.999
